chr,beta,id,snp
1,-0.0350433,met-d-LDL_size,rs140584594
1,-0.0526531,met-d-LDL_size,rs12740374
1,-0.134034,met-d-LDL_size,rs11591147
1,-0.0752588,met-d-LDL_size,rs79598313
2,-0.0291416,met-d-LDL_size,rs2943654
2,0.075255,met-d-LDL_size,rs577584
2,0.0277699,met-d-LDL_size,rs2303370
2,0.0252833,met-d-LDL_size,rs13389219
5,0.0306254,met-d-LDL_size,rs767676
6,0.073488,met-d-LDL_size,rs73596816
6,0.128259,met-d-LDL_size,rs117733303
6,-0.0246739,met-d-LDL_size,rs17613367
6,0.0343838,met-d-LDL_size,rs3127580
6,0.127652,met-d-LDL_size,rs74617384
7,0.0400367,met-d-LDL_size,rs71556736
7,0.0213994,met-d-LDL_size,rs13241165
8,0.0351876,met-d-LDL_size,rs1561748
8,0.0244455,met-d-LDL_size,rs7012814
8,-0.0313755,met-d-LDL_size,rs13262459
8,0.084897,met-d-LDL_size,rs12679834
8,0.0340804,met-d-LDL_size,rs2954025
9,0.0261464,met-d-LDL_size,rs1883025
10,-0.0248696,met-d-LDL_size,rs201788267
10,-0.0386025,met-d-LDL_size,rs603424
11,0.0565048,met-d-LDL_size,rs964184
12,0.0481663,met-d-LDL_size,rs73412716
15,-0.0321052,met-d-LDL_size,rs1601935
15,0.0591853,met-d-LDL_size,rs1077835
16,0.0534041,met-d-LDL_size,rs12446515
17,0.0239711,met-d-LDL_size,rs10642898
17,-0.0990588,met-d-LDL_size,rs72836561
17,0.0939534,met-d-LDL_size,rs1801689
19,0.0281533,met-d-LDL_size,rs2927468
19,-0.0625236,met-d-LDL_size,rs10412048
19,-0.215492,met-d-LDL_size,rs7412
19,0.073643,met-d-LDL_size,rs150966173
20,-0.0258394,met-d-LDL_size,rs2618566
20,0.0292924,met-d-LDL_size,rs4810479
22,0.0430265,met-d-LDL_size,rs3747207
