chr,beta,id,snp
1,-0.0817061,met-d-VLDL_C,rs12740374
1,-0.0241555,met-d-VLDL_C,rs2986164
1,0.0269767,met-d-VLDL_C,rs822928
1,-0.212739,met-d-VLDL_C,rs17414716
1,0.0712469,met-d-VLDL_C,rs1168034
1,-0.154002,met-d-VLDL_C,rs12750160
1,0.0724712,met-d-VLDL_C,rs11206517
1,-0.0270066,met-d-VLDL_C,rs10127775
2,-0.0325313,met-d-VLDL_C,rs4665642
2,-0.0588511,met-d-VLDL_C,rs4665972
2,0.0922001,met-d-VLDL_C,rs693
2,-0.04027,met-d-VLDL_C,rs4299376
2,0.0296722,met-d-VLDL_C,rs4533439
2,-0.033789,met-d-VLDL_C,rs1128249
3,-0.0372191,met-d-VLDL_C,rs34894639
4,-0.0276231,met-d-VLDL_C,rs13108218
4,0.0307641,met-d-VLDL_C,rs1471251
5,0.0291052,met-d-VLDL_C,rs7707394
5,0.0500226,met-d-VLDL_C,rs4704834
5,-0.037236,met-d-VLDL_C,rs11429307
5,0.0511344,met-d-VLDL_C,rs12916
6,0.0469281,met-d-VLDL_C,rs28377109
6,-0.230539,met-d-VLDL_C,rs186696265
6,0.0484294,met-d-VLDL_C,rs11755689
6,-0.0256825,met-d-VLDL_C,rs654689
6,0.071402,met-d-VLDL_C,rs12208357
6,0.0388663,met-d-VLDL_C,rs11753995
6,0.0240217,met-d-VLDL_C,rs2186037
7,0.0232279,met-d-VLDL_C,rs1989985
7,0.0334322,met-d-VLDL_C,rs10260606
7,-0.050937,met-d-VLDL_C,rs55747707
8,-0.0292716,met-d-VLDL_C,rs2326077
8,-0.0307905,met-d-VLDL_C,rs2737245
8,-0.0842199,met-d-VLDL_C,rs112875651
8,-0.110637,met-d-VLDL_C,rs10096633
8,0.117998,met-d-VLDL_C,rs144503444
9,0.0464834,met-d-VLDL_C,rs635634
10,-0.0270188,met-d-VLDL_C,rs2478236
11,-0.178784,met-d-VLDL_C,rs1047964
11,-0.149045,met-d-VLDL_C,rs964184
11,0.180404,met-d-VLDL_C,rs141469619
12,0.0238139,met-d-VLDL_C,rs10842724
12,-0.0270628,met-d-VLDL_C,rs11057397
12,0.0327474,met-d-VLDL_C,rs10649122
12,-0.0251443,met-d-VLDL_C,rs7970695
13,0.0307937,met-d-VLDL_C,rs6602909
15,0.0821742,met-d-VLDL_C,rs139974673
15,-0.0663926,met-d-VLDL_C,rs261290
15,0.0459305,met-d-VLDL_C,rs633695
16,-0.0292124,met-d-VLDL_C,rs7202323
16,-0.0946663,met-d-VLDL_C,rs247616
16,0.0450391,met-d-VLDL_C,rs3794695
17,0.123468,met-d-VLDL_C,rs77542162
17,0.025209,met-d-VLDL_C,rs56325564
17,-0.0422515,met-d-VLDL_C,rs72631343
19,-0.0606603,met-d-VLDL_C,rs28807203
19,-0.126484,met-d-VLDL_C,rs58542926
19,0.0313825,met-d-VLDL_C,rs2738447
19,0.127564,met-d-VLDL_C,rs115881343
19,-0.131103,met-d-VLDL_C,rs12151108
19,-0.212684,met-d-VLDL_C,rs1065853
19,0.118608,met-d-VLDL_C,rs79429216
19,-0.0271592,met-d-VLDL_C,rs838147
20,0.116249,met-d-VLDL_C,rs1883711
22,0.0266487,met-d-VLDL_C,rs9616847
