chr,beta,id,snp
1,0.0437934,met-d-M_LDL_CE,rs7534572
1,0.0302187,met-d-M_LDL_CE,rs553427
1,-0.0274587,met-d-M_LDL_CE,rs2495477
1,-0.0239278,met-d-M_LDL_CE,rs10127775
1,-0.259031,met-d-M_LDL_CE,rs11591147
1,0.084193,met-d-M_LDL_CE,rs11206517
1,-0.105752,met-d-M_LDL_CE,rs12740374
2,0.0799862,met-d-M_LDL_CE,rs693
2,-0.0633114,met-d-M_LDL_CE,rs4665972
2,-0.0401995,met-d-M_LDL_CE,rs4299376
4,-0.0328927,met-d-M_LDL_CE,rs13108218
5,0.0242034,met-d-M_LDL_CE,rs7704651
5,0.0481299,met-d-M_LDL_CE,rs12916
5,0.0390913,met-d-M_LDL_CE,rs4704834
5,0.0294887,met-d-M_LDL_CE,rs7707394
5,-0.061726,met-d-M_LDL_CE,rs1499279
6,0.0431594,met-d-M_LDL_CE,rs11755689
6,-0.163135,met-d-M_LDL_CE,rs186696265
6,0.044058,met-d-M_LDL_CE,rs28377109
6,0.0630033,met-d-M_LDL_CE,rs12208357
6,0.0363183,met-d-M_LDL_CE,rs11753995
7,-0.0434287,met-d-M_LDL_CE,rs55747707
8,-0.0719231,met-d-M_LDL_CE,rs112875651
8,-0.0480307,met-d-M_LDL_CE,rs10096633
8,0.0556628,met-d-M_LDL_CE,rs6601299
8,0.0247337,met-d-M_LDL_CE,rs13276044
8,-0.0252183,met-d-M_LDL_CE,rs10504255
9,0.0561091,met-d-M_LDL_CE,rs115478735
9,-0.0279194,met-d-M_LDL_CE,rs2740488
10,-0.021839,met-d-M_LDL_CE,rs2478237
11,0.0574377,met-d-M_LDL_CE,rs12804228
11,-0.0958284,met-d-M_LDL_CE,rs964184
11,-0.0275106,met-d-M_LDL_CE,rs102275
12,0.0250171,met-d-M_LDL_CE,rs10842724
13,0.0243927,met-d-M_LDL_CE,rs6602911
14,0.0278743,met-d-M_LDL_CE,rs11621792
16,-0.0457443,met-d-M_LDL_CE,rs173539
16,0.0463906,met-d-M_LDL_CE,rs34042070
17,0.0310161,met-d-M_LDL_CE,rs56325564
17,0.0957903,met-d-M_LDL_CE,rs77542162
17,-0.0383929,met-d-M_LDL_CE,rs72631343
17,-0.0385476,met-d-M_LDL_CE,rs55714927
19,-0.108226,met-d-M_LDL_CE,rs28807203
19,0.0433498,met-d-M_LDL_CE,rs10410835
19,0.0447139,met-d-M_LDL_CE,rs8103315
19,-0.129002,met-d-M_LDL_CE,rs12151108
19,-0.117076,met-d-M_LDL_CE,rs111278137
19,-0.403094,met-d-M_LDL_CE,rs1065853
19,-0.116265,met-d-M_LDL_CE,rs58542926
19,0.0270984,met-d-M_LDL_CE,rs2738447
19,0.15037,met-d-M_LDL_CE,rs1081105
20,0.0665812,met-d-M_LDL_CE,rs6073958
20,0.026172,met-d-M_LDL_CE,rs6016505
20,-0.0274942,met-d-M_LDL_CE,rs6102034
