chr,beta,id,snp
1,0.0380171,met-d-Total_L,rs534417
1,-0.0718855,met-d-Total_L,rs12740374
1,0.02888,met-d-Total_L,rs553427
1,0.0678249,met-d-Total_L,rs11206517
1,0.0735062,met-d-Total_L,rs1002687
1,0.0228274,met-d-Total_L,rs867772
1,-0.13702,met-d-Total_L,rs12750160
1,-0.16604,met-d-Total_L,rs17414716
2,-0.0857119,met-d-Total_L,rs6547409
2,-0.0357493,met-d-Total_L,rs4299376
2,0.0848202,met-d-Total_L,rs672889
2,-0.0261239,met-d-Total_L,rs870526
2,-0.0739599,met-d-Total_L,rs1260326
4,0.028408,met-d-Total_L,rs4860948
4,-0.0280281,met-d-Total_L,rs13108218
5,0.0468979,met-d-Total_L,rs3843482
5,0.0441198,met-d-Total_L,rs4704834
5,0.0301074,met-d-Total_L,rs7707394
6,0.0497598,met-d-Total_L,rs115413710
6,0.0387735,met-d-Total_L,rs28377109
6,0.040016,met-d-Total_L,rs11755689
6,0.0560778,met-d-Total_L,rs12208357
6,-0.210948,met-d-Total_L,rs186696265
6,0.0323781,met-d-Total_L,rs11753995
7,-0.0414301,met-d-Total_L,rs55747707
8,0.0744113,met-d-Total_L,rs1461729
8,-0.0281116,met-d-Total_L,rs2326077
8,-0.0750469,met-d-Total_L,rs112875651
9,0.0296988,met-d-Total_L,rs4008004
9,0.0456639,met-d-Total_L,rs11789603
9,-0.0440367,met-d-Total_L,rs2740488
9,0.0430447,met-d-Total_L,rs635634
10,-0.0245435,met-d-Total_L,rs2792735
10,-0.0227968,met-d-Total_L,rs10884966
10,-0.0352855,met-d-Total_L,rs117488242
11,0.0272792,met-d-Total_L,rs374209699
11,-0.0385112,met-d-Total_L,rs102275
11,-0.0408552,met-d-Total_L,rs72997616
11,-0.10514,met-d-Total_L,rs964184
12,0.0374752,met-d-Total_L,rs12423765
12,-0.0284438,met-d-Total_L,rs7979473
12,0.0243865,met-d-Total_L,rs4766578
13,0.0255406,met-d-Total_L,rs6602911
14,0.0246777,met-d-Total_L,rs11621792
15,-0.0951741,met-d-Total_L,rs261290
15,0.0697507,met-d-Total_L,rs633695
16,0.0403761,met-d-Total_L,rs3794695
16,-0.048469,met-d-Total_L,rs11076175
17,-0.0330288,met-d-Total_L,rs72631343
17,0.0244139,met-d-Total_L,rs56325564
17,0.0916179,met-d-Total_L,rs77542162
18,0.0568138,met-d-Total_L,rs9304381
18,0.219872,met-d-Total_L,rs77960347
19,-0.109455,met-d-Total_L,rs12151108
19,-0.0640616,met-d-Total_L,rs28807203
19,0.0273649,met-d-Total_L,rs439523
19,-0.112474,met-d-Total_L,rs73013176
19,-0.0839342,met-d-Total_L,rs17699030
19,-0.125797,met-d-Total_L,rs58542926
19,-0.257753,met-d-Total_L,rs1065853
19,0.134159,met-d-Total_L,rs79429216
19,-0.0811088,met-d-Total_L,rs74747585
19,0.120266,met-d-Total_L,rs1081105
20,-0.0684261,met-d-Total_L,rs1800961
20,0.0944066,met-d-Total_L,rs1883711
22,0.0245822,met-d-Total_L,rs9616847
