chr,beta,id,snp
1,0.079348,met-d-IDL_TG,rs182050989
1,0.0485631,met-d-IDL_TG,rs629301
1,0.0310312,met-d-IDL_TG,rs59484402
1,0.0705358,met-d-IDL_TG,rs1168034
2,-0.0937313,met-d-IDL_TG,rs1260326
2,-0.0353931,met-d-IDL_TG,rs1128249
2,-0.0769878,met-d-IDL_TG,rs4564803
2,0.0281059,met-d-IDL_TG,rs1515108
2,-0.032662,met-d-IDL_TG,rs60960031
2,0.0234578,met-d-IDL_TG,rs6715200
3,0.0427472,met-d-IDL_TG,rs7646100
3,0.0500208,met-d-IDL_TG,rs523118
4,0.033955,met-d-IDL_TG,rs1471251
4,-0.0281989,met-d-IDL_TG,rs34327193
4,0.024722,met-d-IDL_TG,rs10008637
5,0.0445543,met-d-IDL_TG,rs4704834
5,-0.0454579,met-d-IDL_TG,rs11429307
6,0.0398496,met-d-IDL_TG,rs9271642
6,0.0674386,met-d-IDL_TG,rs146203232
6,-0.0320838,met-d-IDL_TG,rs632057
6,0.0289744,met-d-IDL_TG,rs28752924
6,0.0299834,met-d-IDL_TG,rs73030808
6,-0.158728,met-d-IDL_TG,rs186696265
7,-0.0369058,met-d-IDL_TG,rs12701713
7,0.0865049,met-d-IDL_TG,rs42125
7,-0.075843,met-d-IDL_TG,rs55747707
8,-0.119386,met-d-IDL_TG,rs10096633
8,-0.0354677,met-d-IDL_TG,rs1495741
8,0.0299659,met-d-IDL_TG,rs3860847
8,-0.024394,met-d-IDL_TG,rs7826120
8,0.133347,met-d-IDL_TG,rs144503444
8,-0.0293727,met-d-IDL_TG,rs2721961
8,-0.0952884,met-d-IDL_TG,rs112875651
9,-0.0370166,met-d-IDL_TG,rs1800978
10,-0.0275197,met-d-IDL_TG,rs10881987
10,0.024567,met-d-IDL_TG,rs12263369
11,-0.177975,met-d-IDL_TG,rs964184
11,0.222452,met-d-IDL_TG,rs141469619
11,-0.158288,met-d-IDL_TG,rs1047964
12,-0.0337476,met-d-IDL_TG,rs7979473
12,-0.0232055,met-d-IDL_TG,rs4765127
12,0.0382907,met-d-IDL_TG,rs10649122
13,0.0284646,met-d-IDL_TG,rs6602911
14,0.0369733,met-d-IDL_TG,rs7157785
15,-0.241555,met-d-IDL_TG,rs261290
15,0.108314,met-d-IDL_TG,rs6078
15,0.0679272,met-d-IDL_TG,rs261337
15,0.165983,met-d-IDL_TG,rs150844304
15,-0.0587273,met-d-IDL_TG,rs16939991
15,0.184935,met-d-IDL_TG,rs633695
16,-0.0327544,met-d-IDL_TG,rs821840
16,-0.035658,met-d-IDL_TG,rs34417180
16,-0.040205,met-d-IDL_TG,rs72769438
16,0.0366457,met-d-IDL_TG,rs368324587
17,0.0306177,met-d-IDL_TG,rs12601919
17,-0.162256,met-d-IDL_TG,rs75679663
17,-0.0349326,met-d-IDL_TG,rs2279961
19,-0.168075,met-d-IDL_TG,rs116843064
19,-0.0793015,met-d-IDL_TG,rs8107974
19,-0.0520718,met-d-IDL_TG,rs17242381
19,0.0674749,met-d-IDL_TG,rs5112
19,-0.0337351,met-d-IDL_TG,rs739320
19,0.0532743,met-d-IDL_TG,rs483082
20,-0.0214428,met-d-IDL_TG,rs6090040
20,0.0847395,met-d-IDL_TG,rs1883711
20,-0.0303991,met-d-IDL_TG,rs4810479
21,0.0247576,met-d-IDL_TG,rs4817999
22,0.0301823,met-d-IDL_TG,rs3747207
