chr,beta,id,snp
1,-0.0380109,met-d-Leu,rs11166420
2,-0.0477959,met-d-Leu,rs1260326
2,-0.0266301,met-d-Leu,rs72538440
2,-0.03214,met-d-Leu,rs13389219
3,-0.026404,met-d-Leu,rs34894639
4,0.115856,met-d-Leu,rs150277164
4,0.0878169,met-d-Leu,rs10018448
4,0.0559865,met-d-Leu,rs7656569
8,0.0282019,met-d-Leu,rs2977929
12,-0.0232041,met-d-Leu,rs35350651
12,0.0409465,met-d-Leu,rs2638315
16,-0.094279,met-d-Leu,rs77724138
16,0.0525448,met-d-Leu,rs9930957
17,-0.118381,met-d-Leu,rs117643180
19,-0.0291096,met-d-Leu,rs12974412
19,-0.0323739,met-d-Leu,rs4801776
22,-0.0568393,met-d-Leu,rs5747934
