chr,beta,id,snp
1,-0.0311459,met-d-IDL_PL_pct,rs4656292
1,0.035915,met-d-IDL_PL_pct,rs16826000
1,-0.0312513,met-d-IDL_PL_pct,rs2642438
1,0.0319395,met-d-IDL_PL_pct,rs59484402
1,-0.0407142,met-d-IDL_PL_pct,rs267738
2,-0.0606734,met-d-IDL_PL_pct,rs72902579
2,0.0253451,met-d-IDL_PL_pct,rs1047891
2,0.138931,met-d-IDL_PL_pct,rs2678379
3,0.0506284,met-d-IDL_PL_pct,rs645040
4,0.0435456,met-d-IDL_PL_pct,rs35518360
5,0.034551,met-d-IDL_PL_pct,rs4704727
6,0.0762867,met-d-IDL_PL_pct,rs73729333
6,0.065088,met-d-IDL_PL_pct,rs114741460
6,0.09526,met-d-IDL_PL_pct,rs114473447
6,-0.0247921,met-d-IDL_PL_pct,rs9471968
6,-0.0901345,met-d-IDL_PL_pct,rs9295128
7,-0.0240188,met-d-IDL_PL_pct,rs56287412
7,-0.0367597,met-d-IDL_PL_pct,rs17145750
8,-0.129401,met-d-IDL_PL_pct,rs10096633
8,-0.078644,met-d-IDL_PL_pct,rs4841132
8,0.136192,met-d-IDL_PL_pct,rs144503444
8,0.0531519,met-d-IDL_PL_pct,rs59347135
9,-0.075216,met-d-IDL_PL_pct,rs2066718
10,0.043816,met-d-IDL_PL_pct,rs2792735
10,-0.0332978,met-d-IDL_PL_pct,rs74502455
11,0.0613381,met-d-IDL_PL_pct,rs559355
11,0.190478,met-d-IDL_PL_pct,rs144018203
11,-0.0257274,met-d-IDL_PL_pct,rs7944291
11,-0.0864379,met-d-IDL_PL_pct,rs964184
11,-0.075497,met-d-IDL_PL_pct,rs59781045
11,-0.0346912,met-d-IDL_PL_pct,rs1355921
15,0.139483,met-d-IDL_PL_pct,rs150844304
15,-0.0333775,met-d-IDL_PL_pct,rs77732800
15,-0.125025,met-d-IDL_PL_pct,rs1532085
15,0.154332,met-d-IDL_PL_pct,rs2070895
15,0.0846327,met-d-IDL_PL_pct,rs6078
16,-0.0441588,met-d-IDL_PL_pct,rs763665
16,-0.0487739,met-d-IDL_PL_pct,rs146615088
16,-0.0436364,met-d-IDL_PL_pct,rs17616063
17,-0.0263862,met-d-IDL_PL_pct,rs142122735
17,0.0734715,met-d-IDL_PL_pct,rs72836561
18,-0.126476,met-d-IDL_PL_pct,rs77960347
18,-0.0303536,met-d-IDL_PL_pct,rs10438978
19,-0.16212,met-d-IDL_PL_pct,rs116843064
19,0.101514,met-d-IDL_PL_pct,rs28807203
19,0.104025,met-d-IDL_PL_pct,rs111278137
19,-0.0273722,met-d-IDL_PL_pct,rs2927468
19,-0.0535808,met-d-IDL_PL_pct,rs8103315
19,0.427371,met-d-IDL_PL_pct,rs1065853
20,-0.100539,met-d-IDL_PL_pct,rs6065906
22,0.055538,met-d-IDL_PL_pct,rs738408
