chr,beta,id,snp
1,0.0379684,met-d-S_HDL_FC,rs612177
1,0.0623017,met-d-S_HDL_FC,rs1002687
1,0.0232097,met-d-S_HDL_FC,rs11208717
1,0.0306883,met-d-S_HDL_FC,rs36209093
1,0.0294772,met-d-S_HDL_FC,rs4656292
1,0.0331431,met-d-S_HDL_FC,rs267738
1,0.0268034,met-d-S_HDL_FC,rs2642438
2,-0.0269571,met-d-S_HDL_FC,rs11895352
2,-0.0969761,met-d-S_HDL_FC,rs1260326
2,0.0546318,met-d-S_HDL_FC,rs672889
3,-0.0230764,met-d-S_HDL_FC,rs4261913
4,0.0251293,met-d-S_HDL_FC,rs11940694
4,-0.0333389,met-d-S_HDL_FC,rs13108218
6,0.0390284,met-d-S_HDL_FC,rs77021177
6,0.0293023,met-d-S_HDL_FC,rs1052248
6,-0.0395434,met-d-S_HDL_FC,rs3800461
7,-0.0661444,met-d-S_HDL_FC,rs79624003
8,0.0286801,met-d-S_HDL_FC,rs17411168
8,0.0984099,met-d-S_HDL_FC,rs4240624
8,-0.0255127,met-d-S_HDL_FC,rs34120986
8,-0.0595003,met-d-S_HDL_FC,rs112875651
9,0.0427355,met-d-S_HDL_FC,rs635634
9,0.0342237,met-d-S_HDL_FC,rs581080
9,0.0566936,met-d-S_HDL_FC,rs11789603
9,-0.0473882,met-d-S_HDL_FC,rs2740488
10,-0.0259029,met-d-S_HDL_FC,rs2792735
10,-0.0361018,met-d-S_HDL_FC,rs140168704
10,-0.0229195,met-d-S_HDL_FC,rs1316313
11,-0.0280034,met-d-S_HDL_FC,rs56030824
11,-0.0636791,met-d-S_HDL_FC,rs72997616
11,-0.0899685,met-d-S_HDL_FC,rs525028
12,0.0231785,met-d-S_HDL_FC,rs2111216
12,-0.0933436,met-d-S_HDL_FC,rs76895963
14,0.0283111,met-d-S_HDL_FC,rs11620783
15,-0.0806298,met-d-S_HDL_FC,rs261290
15,-0.0326522,met-d-S_HDL_FC,rs1560390
15,-0.0693249,met-d-S_HDL_FC,rs473224
16,0.0765805,met-d-S_HDL_FC,rs3764261
16,-0.0824482,met-d-S_HDL_FC,rs75911530
16,-0.0634508,met-d-S_HDL_FC,rs4986970
17,-0.0656325,met-d-S_HDL_FC,rs72836561
17,-0.0374552,met-d-S_HDL_FC,rs55714927
18,0.246899,met-d-S_HDL_FC,rs77960347
18,0.0724965,met-d-S_HDL_FC,rs9304381
19,-0.0713012,met-d-S_HDL_FC,rs1065853
19,-0.0281121,met-d-S_HDL_FC,rs72235114
19,-0.0804832,met-d-S_HDL_FC,rs58542926
19,-0.0975832,met-d-S_HDL_FC,rs17699030
19,0.0238155,met-d-S_HDL_FC,rs1231281
20,0.0230857,met-d-S_HDL_FC,rs6016505
20,0.110079,met-d-S_HDL_FC,rs6065906
22,-0.0355824,met-d-S_HDL_FC,rs2298428
