chr,beta,id,snp
1,-0.125781,met-d-L_LDL_P,rs12740374
1,-0.332079,met-d-L_LDL_P,rs11591147
1,0.0323576,met-d-L_LDL_P,rs553427
1,-0.0246565,met-d-L_LDL_P,rs140584594
1,0.0794662,met-d-L_LDL_P,rs67276129
1,-0.0249925,met-d-L_LDL_P,rs4846922
1,0.0338943,met-d-L_LDL_P,rs7534572
1,0.0374675,met-d-L_LDL_P,rs472495
1,-0.0261355,met-d-L_LDL_P,rs35346083
2,-0.0414063,met-d-L_LDL_P,rs140798831
2,-0.0335207,met-d-L_LDL_P,rs11127048
2,-0.0222502,met-d-L_LDL_P,rs10176901
2,0.119123,met-d-L_LDL_P,rs562338
2,-0.0479344,met-d-L_LDL_P,rs4299376
5,0.0594143,met-d-L_LDL_P,rs3846662
5,-0.0235015,met-d-L_LDL_P,rs1500188
5,0.0483877,met-d-L_LDL_P,rs4704834
5,-0.0618498,met-d-L_LDL_P,rs1499279
5,0.0398399,met-d-L_LDL_P,rs7707394
6,0.0529221,met-d-L_LDL_P,rs72848251
6,-0.0461968,met-d-L_LDL_P,rs3777411
6,0.0384941,met-d-L_LDL_P,rs72843670
6,-0.0502274,met-d-L_LDL_P,rs116009877
6,-0.0239624,met-d-L_LDL_P,rs6920309
7,0.0299701,met-d-L_LDL_P,rs10260606
7,0.0294815,met-d-L_LDL_P,rs73064442
8,0.043002,met-d-L_LDL_P,rs6601299
8,-0.0243371,met-d-L_LDL_P,rs10504255
8,-0.0238027,met-d-L_LDL_P,rs13702
8,-0.0572762,met-d-L_LDL_P,rs112875651
8,-0.025802,met-d-L_LDL_P,rs2737263
9,0.0512077,met-d-L_LDL_P,rs115478735
11,-0.038152,met-d-L_LDL_P,rs174541
11,0.0490409,met-d-L_LDL_P,rs4307732
11,-0.0676115,met-d-L_LDL_P,rs964184
11,0.0441919,met-d-L_LDL_P,rs11601507
12,0.02739,met-d-L_LDL_P,rs1805776
12,-0.0309328,met-d-L_LDL_P,rs11065961
13,-0.0271963,met-d-L_LDL_P,rs61946985
13,0.0274109,met-d-L_LDL_P,rs6602909
14,0.0255046,met-d-L_LDL_P,rs72694391
15,-0.0472507,met-d-L_LDL_P,rs261290
15,0.0408686,met-d-L_LDL_P,rs633695
16,-0.034012,met-d-L_LDL_P,rs173539
16,0.0454644,met-d-L_LDL_P,rs34042070
17,0.141329,met-d-L_LDL_P,rs77542162
17,-0.0423253,met-d-L_LDL_P,rs72631343
17,-0.0282021,met-d-L_LDL_P,rs55714927
17,0.0318427,met-d-L_LDL_P,rs56325564
19,-0.161793,met-d-L_LDL_P,rs12151108
19,0.0525387,met-d-L_LDL_P,rs8103315
19,-0.473303,met-d-L_LDL_P,rs1065853
19,0.0548379,met-d-L_LDL_P,rs10410835
19,-0.114999,met-d-L_LDL_P,rs58542926
19,-0.121499,met-d-L_LDL_P,rs28807203
19,0.0386047,met-d-L_LDL_P,rs2569550
19,0.178971,met-d-L_LDL_P,rs1081105
19,-0.116479,met-d-L_LDL_P,rs111278137
20,0.100378,met-d-L_LDL_P,rs1883711
20,-0.0279194,met-d-L_LDL_P,rs2618566
22,0.0237624,met-d-L_LDL_P,rs9616847
