chr,beta,id,snp
2,-0.0299471,met-d-Ile,rs10184004
2,-0.0466242,met-d-Ile,rs1260326
2,-0.0239757,met-d-Ile,rs72538440
4,0.0458536,met-d-Ile,rs7656569
4,0.0665555,met-d-Ile,rs10018448
8,0.0292593,met-d-Ile,rs2941456
12,-0.0413328,met-d-Ile,rs7302925
16,-0.0742963,met-d-Ile,rs12325419
17,-0.101389,met-d-Ile,rs117643180
19,0.0366418,met-d-Ile,rs545587
