chr,beta,id,snp
1,0.0420945,met-d-Total_C,rs7534572
1,0.0312099,met-d-Total_C,rs553427
1,-0.029019,met-d-Total_C,rs2495477
1,-0.273043,met-d-Total_C,rs11591147
1,0.0851169,met-d-Total_C,rs11206517
1,0.0318207,met-d-Total_C,rs2642438
1,0.0218663,met-d-Total_C,rs12027110
1,-0.0929409,met-d-Total_C,rs12740374
2,-0.0353702,met-d-Total_C,rs11127048
2,-0.0220515,met-d-Total_C,rs2943650
2,-0.0428972,met-d-Total_C,rs4299376
2,-0.0246633,met-d-Total_C,rs35135293
2,0.098242,met-d-Total_C,rs562338
4,0.0255436,met-d-Total_C,rs4860948
5,0.0532525,met-d-Total_C,rs11749783
5,0.0372247,met-d-Total_C,rs7707394
5,0.0359238,met-d-Total_C,rs6882345
5,-0.0242707,met-d-Total_C,rs1500188
6,-0.0405292,met-d-Total_C,rs3777411
6,0.0468862,met-d-Total_C,rs147841808
6,-0.050516,met-d-Total_C,rs79220007
6,-0.0403666,met-d-Total_C,rs36018387
7,-0.0280556,met-d-Total_C,rs1057558
8,-0.0482053,met-d-Total_C,rs112875651
8,0.0323113,met-d-Total_C,rs35237252
8,-0.0224173,met-d-Total_C,rs2326077
8,0.0754733,met-d-Total_C,rs1461729
9,-0.0425254,met-d-Total_C,rs2740488
9,0.0272269,met-d-Total_C,rs4008004
9,0.0562229,met-d-Total_C,rs115478735
9,0.0418447,met-d-Total_C,rs11789603
10,-0.0320407,met-d-Total_C,rs2792735
11,-0.0660426,met-d-Total_C,rs102275
11,-0.035615,met-d-Total_C,rs525028
11,-0.0261546,met-d-Total_C,rs10838724
11,0.0364447,met-d-Total_C,rs4307732
12,0.0278221,met-d-Total_C,rs80017394
12,0.0305465,met-d-Total_C,rs653178
12,0.0278408,met-d-Total_C,rs1169292
13,-0.0235217,met-d-Total_C,rs61946991
14,0.0239578,met-d-Total_C,rs11621792
15,-0.078138,met-d-Total_C,rs261290
15,0.0587261,met-d-Total_C,rs633695
16,-0.0465851,met-d-Total_C,rs1864163
16,0.0352287,met-d-Total_C,rs34042070
17,-0.0346131,met-d-Total_C,rs72631343
17,0.118862,met-d-Total_C,rs77542162
17,-0.0763491,met-d-Total_C,rs72836561
17,0.0289563,met-d-Total_C,rs56325564
18,0.190079,met-d-Total_C,rs77960347
18,0.0483354,met-d-Total_C,rs9304381
19,-0.0651514,met-d-Total_C,rs17699030
19,-0.0982855,met-d-Total_C,rs58542926
19,-0.132111,met-d-Total_C,rs12151108
19,-0.113707,met-d-Total_C,rs111278137
19,-0.10157,met-d-Total_C,rs28807203
19,0.0415548,met-d-Total_C,rs10410835
19,0.0455886,met-d-Total_C,rs8103315
19,-0.127568,met-d-Total_C,rs73013176
19,-0.407134,met-d-Total_C,rs1065853
19,0.136691,met-d-Total_C,rs1081105
20,-0.0805672,met-d-Total_C,rs1800961
20,-0.0219844,met-d-Total_C,rs2618566
20,0.0840282,met-d-Total_C,rs1883711
