chr,beta,id,snp
1,0.0794002,met-d-M_VLDL_CE,rs67276129
1,0.026401,met-d-M_VLDL_CE,rs7534572
1,-0.344374,met-d-M_VLDL_CE,rs11591147
1,0.0393225,met-d-M_VLDL_CE,rs472495
1,-0.112674,met-d-M_VLDL_CE,rs12740374
1,0.0272588,met-d-M_VLDL_CE,rs1293261
1,0.0292434,met-d-M_VLDL_CE,rs496654
2,-0.0808461,met-d-M_VLDL_CE,rs60403635
2,-0.0502414,met-d-M_VLDL_CE,rs4299376
2,0.0831556,met-d-M_VLDL_CE,rs693
5,-0.0588657,met-d-M_VLDL_CE,rs1499279
5,0.0407552,met-d-M_VLDL_CE,rs6882345
5,0.0610664,met-d-M_VLDL_CE,rs12916
5,0.0409886,met-d-M_VLDL_CE,rs7707394
5,-0.0246302,met-d-M_VLDL_CE,rs1500188
6,-0.0256738,met-d-M_VLDL_CE,rs6920309
6,0.0589293,met-d-M_VLDL_CE,rs147841808
6,0.0257756,met-d-M_VLDL_CE,rs7773004
6,-0.0396998,met-d-M_VLDL_CE,rs3798167
7,0.0321138,met-d-M_VLDL_CE,rs4722551
7,0.0353206,met-d-M_VLDL_CE,rs10260606
7,0.0223835,met-d-M_VLDL_CE,rs2107449
8,0.0359158,met-d-M_VLDL_CE,rs6601299
8,-0.0385341,met-d-M_VLDL_CE,rs112875651
8,-0.0257933,met-d-M_VLDL_CE,rs2737263
9,0.0667058,met-d-M_VLDL_CE,rs115478735
11,-0.0536679,met-d-M_VLDL_CE,rs102274
11,0.0584849,met-d-M_VLDL_CE,rs4937122
11,0.0477078,met-d-M_VLDL_CE,rs11601507
12,0.0251467,met-d-M_VLDL_CE,rs1169292
12,0.0259572,met-d-M_VLDL_CE,rs653178
13,-0.0253376,met-d-M_VLDL_CE,rs9567639
15,-0.0415925,met-d-M_VLDL_CE,rs261290
15,0.031164,met-d-M_VLDL_CE,rs633695
16,-0.0570664,met-d-M_VLDL_CE,rs247616
16,-0.0421856,met-d-M_VLDL_CE,rs9302635
17,-0.0433812,met-d-M_VLDL_CE,rs72631343
17,0.162544,met-d-M_VLDL_CE,rs77542162
17,0.0319169,met-d-M_VLDL_CE,rs56325564
17,0.0680665,met-d-M_VLDL_CE,rs75003668
19,-0.441179,met-d-M_VLDL_CE,rs1065853
19,0.12768,met-d-M_VLDL_CE,rs118170342
19,0.109361,met-d-M_VLDL_CE,rs147711004
19,-0.0973389,met-d-M_VLDL_CE,rs62115478
19,-0.0872356,met-d-M_VLDL_CE,rs58542926
19,-0.118131,met-d-M_VLDL_CE,rs74747585
19,-0.165749,met-d-M_VLDL_CE,rs12151108
19,0.0376179,met-d-M_VLDL_CE,rs2569550
20,0.0966982,met-d-M_VLDL_CE,rs1883711
20,0.0245632,met-d-M_VLDL_CE,rs4812975
20,-0.0285031,met-d-M_VLDL_CE,rs2618566
