chr,beta,id,snp
1,0.0614196,met-d-Total_PL,rs12067569
1,-0.112923,met-d-Total_PL,rs12750160
1,0.0727986,met-d-Total_PL,rs1002687
1,0.0373402,met-d-Total_PL,rs534417
1,-0.0476466,met-d-Total_PL,rs12740374
1,0.0243596,met-d-Total_PL,rs553427
1,0.0323305,met-d-Total_PL,rs2642438
2,-0.0278048,met-d-Total_PL,rs4299376
2,0.0756943,met-d-Total_PL,rs672889
2,-0.021896,met-d-Total_PL,rs3770586
2,-0.0333912,met-d-Total_PL,rs11895352
2,-0.0643463,met-d-Total_PL,rs1260326
4,0.0319328,met-d-Total_PL,rs4860948
4,-0.0444795,met-d-Total_PL,rs13107325
5,0.0365199,met-d-Total_PL,rs6882345
5,0.0267215,met-d-Total_PL,rs7707394
5,0.0388982,met-d-Total_PL,rs4549504
6,0.0367254,met-d-Total_PL,rs140145058
6,0.0413319,met-d-Total_PL,rs12208357
6,0.0326036,met-d-Total_PL,rs1131285
6,-0.0234925,met-d-Total_PL,rs2820232
6,-0.152313,met-d-Total_PL,rs186696265
7,-0.0317823,met-d-Total_PL,rs1057558
7,0.0252557,met-d-Total_PL,rs10653440
8,-0.0604592,met-d-Total_PL,rs112875651
8,0.0891346,met-d-Total_PL,rs9987289
9,0.0307417,met-d-Total_PL,rs4008004
9,0.0310767,met-d-Total_PL,rs2066714
9,0.0503894,met-d-Total_PL,rs11789603
9,-0.0468761,met-d-Total_PL,rs2740488
9,0.0399942,met-d-Total_PL,rs635634
10,-0.0348167,met-d-Total_PL,rs2792735
10,-0.0377189,met-d-Total_PL,rs117488242
10,-0.0292168,met-d-Total_PL,rs148063610
11,-0.0311518,met-d-Total_PL,rs56030824
11,-0.0621945,met-d-Total_PL,rs525028
11,-0.0605154,met-d-Total_PL,rs72997616
11,-0.0520779,met-d-Total_PL,rs102275
12,0.0335795,met-d-Total_PL,rs12423765
12,0.0270352,met-d-Total_PL,rs6606717
12,-0.0252445,met-d-Total_PL,rs11065991
12,0.0262047,met-d-Total_PL,rs10773112
12,-0.0332255,met-d-Total_PL,rs7979473
14,0.0222923,met-d-Total_PL,rs11620783
15,-0.123223,met-d-Total_PL,rs473224
15,-0.0599852,met-d-Total_PL,rs10162642
15,-0.12942,met-d-Total_PL,rs261290
16,0.081672,met-d-Total_PL,rs3764261
16,-0.0669153,met-d-Total_PL,rs75911530
16,-0.0312539,met-d-Total_PL,rs77303550
17,0.077489,met-d-Total_PL,rs77542162
17,-0.0716197,met-d-Total_PL,rs72836561
18,0.290602,met-d-Total_PL,rs77960347
18,0.0777737,met-d-Total_PL,rs9304381
18,0.047746,met-d-Total_PL,rs7243732
19,-0.0391365,met-d-Total_PL,rs72235114
19,-0.0856032,met-d-Total_PL,rs142158911
19,-0.105254,met-d-Total_PL,rs58542926
19,-0.179449,met-d-Total_PL,rs1065853
19,0.0288809,met-d-Total_PL,rs602662
19,-0.108515,met-d-Total_PL,rs17699030
20,0.0746485,met-d-Total_PL,rs1883711
20,-0.0881409,met-d-Total_PL,rs1800961
22,-0.0346259,met-d-Total_PL,rs5754102
