chr,beta,id,snp
1,0.0315064,met-d-DHA_pct,rs10127775
2,0.0358061,met-d-DHA_pct,rs676210
2,-0.0273354,met-d-DHA_pct,rs2011946
5,-0.0366542,met-d-DHA_pct,rs273909
5,0.026846,met-d-DHA_pct,rs6452788
6,0.120966,met-d-DHA_pct,rs117733303
6,0.0814913,met-d-DHA_pct,rs10455872
8,0.0936866,met-d-DHA_pct,rs328
8,-0.0274209,met-d-DHA_pct,rs11998606
10,0.0280408,met-d-DHA_pct,rs61886804
10,0.0463057,met-d-DHA_pct,rs7924036
11,0.0696054,met-d-DHA_pct,rs964184
11,-0.0440767,met-d-DHA_pct,rs12226389
11,-0.14139,met-d-DHA_pct,rs145786300
11,-0.0290583,met-d-DHA_pct,rs195445
11,-0.275101,met-d-DHA_pct,rs174564
11,-0.0412693,met-d-DHA_pct,rs11236565
11,-0.0969235,met-d-DHA_pct,rs508049
13,-0.0443325,met-d-DHA_pct,rs9563335
15,0.0600304,met-d-DHA_pct,rs261291
15,0.0633513,met-d-DHA_pct,rs11632618
16,-0.0779828,met-d-DHA_pct,rs72789541
17,-0.0747327,met-d-DHA_pct,rs72836561
17,-0.0391925,met-d-DHA_pct,rs16940904
19,0.0811908,met-d-DHA_pct,rs116843064
19,-0.0249698,met-d-DHA_pct,rs439401
19,-0.0434563,met-d-DHA_pct,rs58542926
22,-0.0275617,met-d-DHA_pct,rs2294919
