chr,beta,id,snp
1,-0.0332257,met-d-S_HDL_C,rs3768321
1,0.0365791,met-d-S_HDL_C,rs36209093
1,0.0393356,met-d-S_HDL_C,rs5774606
1,0.0226617,met-d-S_HDL_C,rs61783272
1,0.0244385,met-d-S_HDL_C,rs2642438
1,0.0427492,met-d-S_HDL_C,rs71581089
1,0.0427727,met-d-S_HDL_C,rs267738
1,0.0511282,met-d-S_HDL_C,rs4656292
2,-0.0841107,met-d-S_HDL_C,rs1260326
3,0.027246,met-d-S_HDL_C,rs62276455
3,-0.0280889,met-d-S_HDL_C,rs645040
3,0.0244915,met-d-S_HDL_C,rs35938493
3,0.0229818,met-d-S_HDL_C,rs13321783
4,-0.0362642,met-d-S_HDL_C,rs13108218
4,0.0229099,met-d-S_HDL_C,rs28712821
6,0.0388764,met-d-S_HDL_C,rs9270000
6,-0.0345131,met-d-S_HDL_C,rs2814985
6,0.0484159,met-d-S_HDL_C,rs377181093
7,-0.0544686,met-d-S_HDL_C,rs79624003
8,0.111138,met-d-S_HDL_C,rs4841132
8,-0.0355839,met-d-S_HDL_C,rs112875651
8,0.02652,met-d-S_HDL_C,rs2645422
8,0.0511633,met-d-S_HDL_C,rs2119690
9,0.0664403,met-d-S_HDL_C,rs77437185
9,-0.0248657,met-d-S_HDL_C,rs2740488
9,0.0526164,met-d-S_HDL_C,rs2519093
10,-0.0233539,met-d-S_HDL_C,rs2233713
11,0.0291182,met-d-S_HDL_C,rs56776911
11,-0.0236454,met-d-S_HDL_C,rs12787646
11,-0.0675886,met-d-S_HDL_C,rs613808
11,-0.0640498,met-d-S_HDL_C,rs72997616
12,0.0254629,met-d-S_HDL_C,rs34937700
12,-0.0482058,met-d-S_HDL_C,rs17389465
14,0.0271775,met-d-S_HDL_C,rs11621792
15,0.0239421,met-d-S_HDL_C,rs77732800
15,0.0571469,met-d-S_HDL_C,rs2043085
15,-0.0881158,met-d-S_HDL_C,rs2070895
16,-0.0651152,met-d-S_HDL_C,rs7499892
17,-0.0487469,met-d-S_HDL_C,rs55714927
17,-0.0278263,met-d-S_HDL_C,rs2952290
17,0.0242973,met-d-S_HDL_C,rs11657987
17,-0.0814728,met-d-S_HDL_C,rs72836561
18,0.0586909,met-d-S_HDL_C,rs9304381
18,0.187701,met-d-S_HDL_C,rs77960347
19,-0.112348,met-d-S_HDL_C,rs150057262
19,-0.0715151,met-d-S_HDL_C,rs1065853
19,-0.0749139,met-d-S_HDL_C,rs58542926
19,-0.076701,met-d-S_HDL_C,rs17699030
19,0.0255618,met-d-S_HDL_C,rs1645782
20,0.179047,met-d-S_HDL_C,rs58952297
20,0.0256446,met-d-S_HDL_C,rs6065935
20,0.0578126,met-d-S_HDL_C,rs76070947
22,-0.0281929,met-d-S_HDL_C,rs3747207
22,-0.0345346,met-d-S_HDL_C,rs2298428
