chr,beta,id,snp
1,0.0415388,met-d-Total_FA,rs660240
1,0.0247614,met-d-Total_FA,rs822928
1,0.0406902,met-d-Total_FA,rs534417
1,0.0956754,met-d-Total_FA,rs1002687
2,-0.0278871,met-d-Total_FA,rs60960031
2,-0.0283834,met-d-Total_FA,rs1128249
2,-0.0618056,met-d-Total_FA,rs4564803
2,-0.105262,met-d-Total_FA,rs1260326
2,-0.0306453,met-d-Total_FA,rs11895352
3,0.0269549,met-d-Total_FA,rs900048
4,-0.0350121,met-d-Total_FA,rs13108218
4,0.0277274,met-d-Total_FA,rs4860948
4,0.0265429,met-d-Total_FA,rs1471251
5,0.0327904,met-d-Total_FA,rs3846663
5,0.0455628,met-d-Total_FA,rs4704834
5,-0.0340345,met-d-Total_FA,rs11429307
6,0.0331655,met-d-Total_FA,rs1052248
6,-0.0282063,met-d-Total_FA,rs632057
6,0.0482976,met-d-Total_FA,rs2894196
6,-0.245469,met-d-Total_FA,rs117733303
6,0.0544423,met-d-Total_FA,rs12208357
6,-0.133182,met-d-Total_FA,rs10455872
6,0.0430572,met-d-Total_FA,rs9271573
7,-0.0953505,met-d-Total_FA,rs3812316
8,0.0682732,met-d-Total_FA,rs2126259
8,-0.0916513,met-d-Total_FA,rs28601761
8,-0.0273167,met-d-Total_FA,rs2737245
8,-0.0273032,met-d-Total_FA,rs1561748
8,-0.0290739,met-d-Total_FA,rs2326077
8,-0.0935988,met-d-Total_FA,rs328
9,0.0421868,met-d-Total_FA,rs11789603
9,0.027923,met-d-Total_FA,rs10810374
9,-0.0405969,met-d-Total_FA,rs2740488
10,-0.0355698,met-d-Total_FA,rs3829125
10,-0.024615,met-d-Total_FA,rs2478236
10,-0.0212848,met-d-Total_FA,rs1890896
10,-0.0239557,met-d-Total_FA,rs10884966
11,-0.0249637,met-d-Total_FA,rs102275
11,-0.177732,met-d-Total_FA,rs964184
11,-0.111353,met-d-Total_FA,rs1047964
11,-0.049584,met-d-Total_FA,rs72997616
11,0.188841,met-d-Total_FA,rs141469619
11,0.026448,met-d-Total_FA,rs374209699
12,0.0275896,met-d-Total_FA,rs7973253
12,-0.0304932,met-d-Total_FA,rs7979473
12,-0.087757,met-d-Total_FA,rs76895963
13,0.0290301,met-d-Total_FA,rs6602911
15,-0.101643,met-d-Total_FA,rs261290
15,0.0751319,met-d-Total_FA,rs633695
15,0.0999231,met-d-Total_FA,rs139974673
16,0.0307415,met-d-Total_FA,rs2000999
16,-0.0446946,met-d-Total_FA,rs11076175
18,0.0573396,met-d-Total_FA,rs2156552
18,0.222077,met-d-Total_FA,rs77960347
19,-0.138985,met-d-Total_FA,rs58542926
19,0.0653329,met-d-Total_FA,rs157592
19,-0.0260782,met-d-Total_FA,rs838146
19,0.0736669,met-d-Total_FA,rs5112
19,-0.0337329,met-d-Total_FA,rs142385484
19,-0.0928273,met-d-Total_FA,rs56322906
19,-0.0702936,met-d-Total_FA,rs142158911
20,0.0887091,met-d-Total_FA,rs1883711
21,0.0220704,met-d-Total_FA,rs62222988
22,0.0245777,met-d-Total_FA,rs9616847
