chr,beta,id,snp
1,0.0923311,met-d-S_LDL_C,rs11206517
1,-0.122226,met-d-S_LDL_C,rs12740374
1,0.0310888,met-d-S_LDL_C,rs7534572
1,-0.305375,met-d-S_LDL_C,rs11591147
1,-0.0260693,met-d-S_LDL_C,rs4846922
1,-0.0320338,met-d-S_LDL_C,rs2495477
1,-0.0252005,met-d-S_LDL_C,rs2986164
1,0.0318764,met-d-S_LDL_C,rs553427
2,-0.0448285,met-d-S_LDL_C,rs4665972
2,-0.0461302,met-d-S_LDL_C,rs4299376
2,0.0807418,met-d-S_LDL_C,rs693
4,-0.0276799,met-d-S_LDL_C,rs13108218
5,0.0555434,met-d-S_LDL_C,rs12916
5,0.0407476,met-d-S_LDL_C,rs4704834
5,-0.022891,met-d-S_LDL_C,rs1500188
5,0.0356624,met-d-S_LDL_C,rs7707394
5,-0.0655041,met-d-S_LDL_C,rs1499279
6,-0.04593,met-d-S_LDL_C,rs3777411
6,-0.0606722,met-d-S_LDL_C,rs115740542
6,-0.0322284,met-d-S_LDL_C,rs56393506
6,-0.0244358,met-d-S_LDL_C,rs6920309
6,0.0402178,met-d-S_LDL_C,rs11755689
7,0.0293988,met-d-S_LDL_C,rs10260606
8,0.0520004,met-d-S_LDL_C,rs6601299
8,-0.0616713,met-d-S_LDL_C,rs112875651
8,-0.0245319,met-d-S_LDL_C,rs10504255
9,-0.0266266,met-d-S_LDL_C,rs2740488
9,0.0545787,met-d-S_LDL_C,rs115478735
11,-0.0331356,met-d-S_LDL_C,rs102275
11,-0.0675783,met-d-S_LDL_C,rs964184
11,0.0528073,met-d-S_LDL_C,rs4307732
12,0.0244643,met-d-S_LDL_C,rs4766578
12,0.024471,met-d-S_LDL_C,rs10842724
13,0.0239904,met-d-S_LDL_C,rs6602909
13,0.0253374,met-d-S_LDL_C,rs35596121
14,0.0273778,met-d-S_LDL_C,rs11621792
16,0.0448703,met-d-S_LDL_C,rs34042070
16,-0.0333295,met-d-S_LDL_C,rs173539
17,0.115547,met-d-S_LDL_C,rs77542162
17,0.0334477,met-d-S_LDL_C,rs56325564
17,-0.0391961,met-d-S_LDL_C,rs72631343
17,-0.0370499,met-d-S_LDL_C,rs55714927
19,0.0581332,met-d-S_LDL_C,rs8103315
19,0.0328326,met-d-S_LDL_C,rs2569550
19,-0.133057,met-d-S_LDL_C,rs111278137
19,-0.147675,met-d-S_LDL_C,rs12151108
19,0.0555097,met-d-S_LDL_C,rs10410835
19,-0.505906,met-d-S_LDL_C,rs1065853
19,0.178884,met-d-S_LDL_C,rs1081105
19,-0.110916,met-d-S_LDL_C,rs58542926
19,-0.133853,met-d-S_LDL_C,rs28807203
20,-0.0269032,met-d-S_LDL_C,rs6102034
20,0.0429911,met-d-S_LDL_C,rs6073958
20,-0.0220865,met-d-S_LDL_C,rs2618566
20,0.0254218,met-d-S_LDL_C,rs6016505
