chr,beta,id,snp
2,-0.0280124,met-d-Phe,rs715
6,0.0231094,met-d-Phe,rs2180314
6,-0.0302757,met-d-Phe,rs9467618
11,0.0580491,met-d-Phe,rs10750864
12,-0.109301,met-d-Phe,rs1498694
12,0.0325439,met-d-Phe,rs2933235
12,-0.0631453,met-d-Phe,rs7969789
14,0.0680324,met-d-Phe,rs17253619
16,-0.0257537,met-d-Phe,rs4781730
