chr,beta,id,snp
1,-0.331001,met-d-S_LDL_FC,rs11591147
1,0.0308259,met-d-S_LDL_FC,rs553427
1,0.0764167,met-d-S_LDL_FC,rs67276129
1,0.0388223,met-d-S_LDL_FC,rs472495
1,-0.0238293,met-d-S_LDL_FC,rs34791230
1,-0.135366,met-d-S_LDL_FC,rs12740374
2,-0.0464059,met-d-S_LDL_FC,rs4299376
2,-0.0279268,met-d-S_LDL_FC,rs140798831
2,0.113818,met-d-S_LDL_FC,rs581411
5,0.0377512,met-d-S_LDL_FC,rs7707394
5,0.0223039,met-d-S_LDL_FC,rs1895233
5,-0.0794128,met-d-S_LDL_FC,rs115018790
5,0.0537922,met-d-S_LDL_FC,rs3846662
5,0.0295016,met-d-S_LDL_FC,rs6882345
5,-0.0324894,met-d-S_LDL_FC,rs17689595
6,0.0428061,met-d-S_LDL_FC,rs4452681
6,-0.0246594,met-d-S_LDL_FC,rs6920309
6,0.0298287,met-d-S_LDL_FC,rs6935921
6,-0.0704868,met-d-S_LDL_FC,rs115740542
6,-0.0386983,met-d-S_LDL_FC,rs114863007
6,0.0297824,met-d-S_LDL_FC,rs662138
7,0.0417359,met-d-S_LDL_FC,rs4722551
7,-0.0284709,met-d-S_LDL_FC,rs10953298
8,-0.0295704,met-d-S_LDL_FC,rs112875651
8,0.0349011,met-d-S_LDL_FC,rs7004769
8,0.0528481,met-d-S_LDL_FC,rs17411113
8,0.0235757,met-d-S_LDL_FC,rs10102352
9,0.0550837,met-d-S_LDL_FC,rs115478735
11,0.048676,met-d-S_LDL_FC,rs3967200
11,-0.0634369,met-d-S_LDL_FC,rs102275
11,-0.0468543,met-d-S_LDL_FC,rs2229738
12,0.0275475,met-d-S_LDL_FC,rs4766578
13,-0.0237213,met-d-S_LDL_FC,rs9534342
14,0.0260437,met-d-S_LDL_FC,rs11621792
14,-0.0237673,met-d-S_LDL_FC,rs3751521
15,0.0391983,met-d-S_LDL_FC,rs2043085
15,-0.0458952,met-d-S_LDL_FC,rs2070895
16,0.0364448,met-d-S_LDL_FC,rs34042070
17,0.119949,met-d-S_LDL_FC,rs77542162
17,-0.0358852,met-d-S_LDL_FC,rs55714927
17,-0.0337973,met-d-S_LDL_FC,rs72631343
17,0.0644768,met-d-S_LDL_FC,rs75003668
17,0.0345928,met-d-S_LDL_FC,rs56325564
19,-0.151584,met-d-S_LDL_FC,rs12151108
19,0.0694514,met-d-S_LDL_FC,rs10410835
19,0.182141,met-d-S_LDL_FC,rs1081105
19,0.034926,met-d-S_LDL_FC,rs2569550
19,0.076723,met-d-S_LDL_FC,rs8103315
19,-0.0778201,met-d-S_LDL_FC,rs17875609
19,-0.662046,met-d-S_LDL_FC,rs1065853
19,-0.0742604,met-d-S_LDL_FC,rs58542926
19,-0.170463,met-d-S_LDL_FC,rs28807203
19,-0.15888,met-d-S_LDL_FC,rs111278137
20,-0.0303427,met-d-S_LDL_FC,rs2618566
20,0.0709224,met-d-S_LDL_FC,rs1883711
