chr,beta,id,snp
1,-0.0238872,met-d-LDL_L,rs2986164
1,-0.117622,met-d-LDL_L,rs12740374
1,-0.0321397,met-d-LDL_L,rs2495477
1,-0.303807,met-d-LDL_L,rs11591147
1,0.0938524,met-d-LDL_L,rs11206517
1,0.0328703,met-d-LDL_L,rs553427
1,0.0322613,met-d-LDL_L,rs7534572
2,0.108365,met-d-LDL_L,rs562338
2,-0.030133,met-d-LDL_L,rs140798831
2,-0.045848,met-d-LDL_L,rs4299376
2,-0.0450885,met-d-LDL_L,rs11127048
4,-0.0251444,met-d-LDL_L,rs13108218
5,0.0539815,met-d-LDL_L,rs3846662
5,-0.0675341,met-d-LDL_L,rs1499279
5,-0.0238014,met-d-LDL_L,rs1500188
5,0.0368508,met-d-LDL_L,rs6882345
5,0.0365311,met-d-LDL_L,rs7707394
6,0.0374436,met-d-LDL_L,rs11755689
6,-0.0584058,met-d-LDL_L,rs79220007
6,-0.0427103,met-d-LDL_L,rs3777411
7,0.028575,met-d-LDL_L,rs10260606
8,-0.0601838,met-d-LDL_L,rs112875651
8,-0.0240874,met-d-LDL_L,rs10504255
8,0.0586789,met-d-LDL_L,rs6601299
9,-0.0328761,met-d-LDL_L,rs2740488
9,0.0602013,met-d-LDL_L,rs115478735
11,-0.0390399,met-d-LDL_L,rs525028
11,-0.0462954,met-d-LDL_L,rs102275
11,0.0642217,met-d-LDL_L,rs59379014
12,0.0258206,met-d-LDL_L,rs4766578
12,0.0282698,met-d-LDL_L,rs1805776
13,0.0269807,met-d-LDL_L,rs35596121
14,0.0283105,met-d-LDL_L,rs11621792
15,-0.0335925,met-d-LDL_L,rs261290
16,0.0427819,met-d-LDL_L,rs34042070
17,-0.0389359,met-d-LDL_L,rs72631343
17,0.119903,met-d-LDL_L,rs77542162
17,0.0333928,met-d-LDL_L,rs56325564
17,-0.0373152,met-d-LDL_L,rs55714927
19,-0.104228,met-d-LDL_L,rs58542926
19,0.168969,met-d-LDL_L,rs1081105
19,0.0544535,met-d-LDL_L,rs10410835
19,-0.135725,met-d-LDL_L,rs111278137
19,-0.146186,met-d-LDL_L,rs12151108
19,-0.131474,met-d-LDL_L,rs28807203
19,0.0304666,met-d-LDL_L,rs2738447
19,-0.50298,met-d-LDL_L,rs1065853
19,0.0579917,met-d-LDL_L,rs8103315
20,0.0969771,met-d-LDL_L,rs1883711
20,-0.023143,met-d-LDL_L,rs2618566
20,-0.0348836,met-d-LDL_L,rs4810479
