chr,beta,id,snp
1,-0.0985005,met-d-IDL_P,rs12740374
1,0.0286889,met-d-IDL_P,rs2642438
1,0.0242876,met-d-IDL_P,rs496654
1,0.0946728,met-d-IDL_P,rs11206517
1,-0.0328631,met-d-IDL_P,rs2495477
1,0.0233294,met-d-IDL_P,rs1293261
1,-0.345814,met-d-IDL_P,rs11591147
1,0.0335172,met-d-IDL_P,rs7534572
2,-0.048585,met-d-IDL_P,rs4299376
2,0.0998877,met-d-IDL_P,rs562338
5,0.0586895,met-d-IDL_P,rs12916
5,0.040158,met-d-IDL_P,rs7707394
5,0.0317103,met-d-IDL_P,rs6882345
5,-0.0617321,met-d-IDL_P,rs1499279
6,0.0246254,met-d-IDL_P,rs7773004
6,0.0488144,met-d-IDL_P,rs147841808
6,0.0629555,met-d-IDL_P,rs12208357
6,-0.0225679,met-d-IDL_P,rs6920309
6,0.0354052,met-d-IDL_P,rs11753995
7,0.0385237,met-d-IDL_P,rs12056034
7,-0.0303941,met-d-IDL_P,rs869412
7,0.0327017,met-d-IDL_P,rs10260606
8,-0.0514843,met-d-IDL_P,rs112875651
9,0.0656878,met-d-IDL_P,rs115478735
10,0.0305985,met-d-IDL_P,rs10822145
10,-0.0286115,met-d-IDL_P,rs2792735
11,-0.0462618,met-d-IDL_P,rs102275
11,0.0714511,met-d-IDL_P,rs112819436
12,0.0259439,met-d-IDL_P,rs653178
12,0.0305141,met-d-IDL_P,rs1169294
15,-0.0689595,met-d-IDL_P,rs261290
15,0.0487325,met-d-IDL_P,rs633695
16,-0.0307168,met-d-IDL_P,rs77303550
16,-0.0758821,met-d-IDL_P,rs183130
17,0.0323788,met-d-IDL_P,rs56325564
17,-0.041272,met-d-IDL_P,rs72631343
17,0.170551,met-d-IDL_P,rs77542162
17,0.0763578,met-d-IDL_P,rs75003668
18,0.121339,met-d-IDL_P,rs149615216
19,-0.518785,met-d-IDL_P,rs1065853
19,0.0531672,met-d-IDL_P,rs10410835
19,-0.160293,met-d-IDL_P,rs12151108
19,-0.0951262,met-d-IDL_P,rs58542926
19,-0.119527,met-d-IDL_P,rs111278137
19,-0.132418,met-d-IDL_P,rs28807203
19,0.0346173,met-d-IDL_P,rs2569550
19,0.155064,met-d-IDL_P,rs1081105
19,0.0561822,met-d-IDL_P,rs8103315
20,-0.0249585,met-d-IDL_P,rs2618566
20,0.102192,met-d-IDL_P,rs1883711
