chr,beta,id,snp
1,0.043759,met-d-DHA,rs629301
1,0.0226284,met-d-DHA,rs11122450
1,-0.0378064,met-d-DHA,rs638714
2,0.0223562,met-d-DHA,rs13424225
2,-0.0466812,met-d-DHA,rs1260326
2,-0.0494743,met-d-DHA,rs34722314
2,-0.0294969,met-d-DHA,rs11681659
4,0.0390619,met-d-DHA,rs4860987
5,0.0258164,met-d-DHA,rs273912
6,-0.0343828,met-d-DHA,rs2394976
6,0.0229175,met-d-DHA,rs6931604
7,0.0298895,met-d-DHA,rs10653440
7,0.0230344,met-d-DHA,rs35177659
7,-0.036835,met-d-DHA,rs73109460
8,0.0582737,met-d-DHA,rs9987289
8,-0.0490959,met-d-DHA,rs112875651
8,0.038745,met-d-DHA,rs325
9,-0.0336067,met-d-DHA,rs1800978
10,0.0356515,met-d-DHA,rs7924036
10,0.0322985,met-d-DHA,rs55891451
10,0.0251145,met-d-DHA,rs2807967
11,-0.0437768,met-d-DHA,rs12226389
11,-0.131877,met-d-DHA,rs145786300
11,-0.0544364,met-d-DHA,rs149820547
11,-0.151409,met-d-DHA,rs143355652
11,-0.0935374,met-d-DHA,rs11230829
11,0.0849325,met-d-DHA,rs2232143
11,-0.289714,met-d-DHA,rs174564
11,-0.0554488,met-d-DHA,rs673335
11,0.0379626,met-d-DHA,rs78689694
11,0.0946966,met-d-DHA,rs145659493
11,-0.0295479,met-d-DHA,rs525028
15,0.0709705,met-d-DHA,rs139974673
15,0.115166,met-d-DHA,rs261291
15,-0.0501722,met-d-DHA,rs1560390
15,-0.0608884,met-d-DHA,rs12914626
16,-0.0778309,met-d-DHA,rs72789541
16,0.039214,met-d-DHA,rs3764261
16,-0.0690353,met-d-DHA,rs4986970
17,-0.039552,met-d-DHA,rs16940904
17,-0.0631785,met-d-DHA,rs72836561
18,0.0504128,met-d-DHA,rs9304381
18,0.141863,met-d-DHA,rs77960347
19,-0.157436,met-d-DHA,rs182611493
19,0.0291154,met-d-DHA,rs73045691
19,-0.060337,met-d-DHA,rs2278426
19,-0.118879,met-d-DHA,rs58542926
19,-0.0767973,met-d-DHA,rs7412
