chr,beta,id,snp
1,0.0347902,met-d-Pyruvate,rs4844599
1,-0.079824,met-d-Pyruvate,rs113312468
1,-0.026177,met-d-Pyruvate,rs111941366
2,-0.0381191,met-d-Pyruvate,rs1427407
2,-0.0382608,met-d-Pyruvate,rs1260326
2,-0.0953089,met-d-Pyruvate,rs7584089
3,0.0388195,met-d-Pyruvate,rs1354034
5,0.086051,met-d-Pyruvate,rs138373837
5,0.036896,met-d-Pyruvate,rs2631367
7,0.0241822,met-d-Pyruvate,rs6592965
8,-0.0343876,met-d-Pyruvate,rs6993770
9,-0.062208,met-d-Pyruvate,rs60757417
9,0.0301532,met-d-Pyruvate,rs651007
10,-0.0827514,met-d-Pyruvate,rs2388595
10,0.0564017,met-d-Pyruvate,rs11251695
11,-0.0280689,met-d-Pyruvate,rs2729389
12,0.0389644,met-d-Pyruvate,rs11168520
12,-0.119237,met-d-Pyruvate,rs4760682
16,0.0565734,met-d-Pyruvate,rs75109048
16,-0.0271081,met-d-Pyruvate,rs68149176
16,0.0663213,met-d-Pyruvate,rs77724138
18,-0.0280222,met-d-Pyruvate,rs9952972
21,0.111419,met-d-Pyruvate,rs62220377
