chr,beta,id,snp
1,0.154204,met-d-Gln,rs79687284
2,-0.0245363,met-d-Gln,rs13396296
2,0.0792571,met-d-Gln,rs1260326
2,-0.0236406,met-d-Gln,rs838737
2,-0.070732,met-d-Gln,rs62182473
3,-0.0292054,met-d-Gln,rs1274961
3,-0.0418866,met-d-Gln,rs3851365
3,0.0241482,met-d-Gln,rs13094915
3,0.0323949,met-d-Gln,rs73186030
4,-0.0223536,met-d-Gln,rs3988
5,-0.0288837,met-d-Gln,rs9687846
5,-0.0513437,met-d-Gln,rs147139486
6,0.0296508,met-d-Gln,rs35261542
6,0.0254713,met-d-Gln,rs9381075
6,-0.0331188,met-d-Gln,rs9482770
6,0.0360305,met-d-Gln,rs11422720
7,0.072124,met-d-Gln,rs13234131
7,0.0293382,met-d-Gln,rs58673065
8,0.031584,met-d-Gln,rs28601761
8,0.115579,met-d-Gln,rs56335308
9,0.0334202,met-d-Gln,rs4237150
9,-0.047086,met-d-Gln,rs10811663
10,0.103948,met-d-Gln,rs7078003
10,-0.0523709,met-d-Gln,rs17096421
10,-0.0240847,met-d-Gln,rs4128598
10,0.0582926,met-d-Gln,rs1750768
11,0.028324,met-d-Gln,rs7925445
11,-0.0671717,met-d-Gln,rs2168101
11,0.0758144,met-d-Gln,rs78431863
12,-0.250735,met-d-Gln,rs2657879
12,0.135012,met-d-Gln,rs113674212
12,0.0660199,met-d-Gln,rs35752457
12,-0.0287484,met-d-Gln,rs4766214
12,-0.0270861,met-d-Gln,rs4365129
12,-0.0252599,met-d-Gln,rs7966322
12,0.0611534,met-d-Gln,rs142525555
14,0.167169,met-d-Gln,rs1998848
14,0.0324768,met-d-Gln,rs35007880
14,0.0905016,met-d-Gln,rs28929474
14,0.0254725,met-d-Gln,rs7147721
16,0.0374974,met-d-Gln,rs35259849
17,0.0271741,met-d-Gln,rs8074974
17,0.0696173,met-d-Gln,rs117643180
18,-0.0229834,met-d-Gln,rs11397613
20,-0.0242568,met-d-Gln,rs2039098
22,0.0332557,met-d-Gln,rs738408
