chr,beta,id,snp
1,0.0253349,met-d-His,rs141050588
2,-0.0698194,met-d-His,rs1047891
2,0.0341811,met-d-His,rs780094
3,-0.0542649,met-d-His,rs34004251
6,-0.0783479,met-d-His,rs117591301
8,0.0291888,met-d-His,rs2272662
11,-0.0273479,met-d-His,rs2168101
12,-0.0551268,met-d-His,rs150670499
12,-0.0881579,met-d-His,rs75341400
12,0.0796406,met-d-His,rs61938133
12,0.0497087,met-d-His,rs76191003
12,0.0594854,met-d-His,rs2939302
14,0.0394021,met-d-His,rs709932
14,0.061491,met-d-His,rs1958393
14,-0.027419,met-d-His,rs11621792
15,0.0908787,met-d-His,rs150844304
20,0.087242,met-d-His,rs1883711
