chr,beta,id,snp
1,-0.0324023,met-d-non_HDL_C,rs2495477
1,0.0231263,met-d-non_HDL_C,rs1293261
1,-0.31186,met-d-non_HDL_C,rs11591147
1,0.0938091,met-d-non_HDL_C,rs11206517
1,0.0314724,met-d-non_HDL_C,rs553427
1,-0.108623,met-d-non_HDL_C,rs12740374
1,0.0430447,met-d-non_HDL_C,rs7534572
2,-0.0476944,met-d-non_HDL_C,rs4299376
2,0.1039,met-d-non_HDL_C,rs562338
2,-0.0326201,met-d-non_HDL_C,rs140798831
2,-0.0400612,met-d-non_HDL_C,rs11127048
5,0.0381318,met-d-non_HDL_C,rs7707394
5,-0.0598949,met-d-non_HDL_C,rs1499279
5,0.0392618,met-d-non_HDL_C,rs4704834
5,-0.0244623,met-d-non_HDL_C,rs1500188
5,0.0573126,met-d-non_HDL_C,rs12916
6,-0.0460666,met-d-non_HDL_C,rs3777411
6,-0.0227701,met-d-non_HDL_C,rs6920309
6,0.0456357,met-d-non_HDL_C,rs28377109
6,0.0390619,met-d-non_HDL_C,rs11755689
7,0.031658,met-d-non_HDL_C,rs10260606
8,0.0545128,met-d-non_HDL_C,rs6601299
8,-0.0626144,met-d-non_HDL_C,rs112875651
8,-0.0254705,met-d-non_HDL_C,rs10504255
9,-0.0291505,met-d-non_HDL_C,rs2740488
9,0.0610841,met-d-non_HDL_C,rs115478735
11,-0.0488156,met-d-non_HDL_C,rs102275
11,-0.0562888,met-d-non_HDL_C,rs964184
11,0.0485818,met-d-non_HDL_C,rs4307732
12,0.0261463,met-d-non_HDL_C,rs653178
12,0.0282174,met-d-non_HDL_C,rs80017394
12,0.0247729,met-d-non_HDL_C,rs1169292
13,0.0259138,met-d-non_HDL_C,rs35596121
14,0.025229,met-d-non_HDL_C,rs11621792
15,-0.0503997,met-d-non_HDL_C,rs261290
15,0.036915,met-d-non_HDL_C,rs633695
16,0.0420998,met-d-non_HDL_C,rs34042070
16,-0.0370284,met-d-non_HDL_C,rs173539
17,0.0322219,met-d-non_HDL_C,rs56325564
17,-0.0311637,met-d-non_HDL_C,rs55714927
17,-0.0414511,met-d-non_HDL_C,rs72631343
17,0.136158,met-d-non_HDL_C,rs77542162
18,0.110333,met-d-non_HDL_C,rs77960347
19,-0.463455,met-d-non_HDL_C,rs1065853
19,0.0515152,met-d-non_HDL_C,rs8103315
19,0.159787,met-d-non_HDL_C,rs1081105
19,-0.120282,met-d-non_HDL_C,rs28807203
19,0.0318121,met-d-non_HDL_C,rs2738447
19,-0.111579,met-d-non_HDL_C,rs58542926
19,-0.121962,met-d-non_HDL_C,rs111278137
19,-0.151932,met-d-non_HDL_C,rs12151108
19,0.0497357,met-d-non_HDL_C,rs10410835
20,0.103956,met-d-non_HDL_C,rs1883711
20,-0.0227208,met-d-non_HDL_C,rs2618566
