chr,beta,id,snp
1,0.0317813,met-d-M_LDL_FC,rs553427
1,-0.310958,met-d-M_LDL_FC,rs11591147
1,0.0361707,met-d-M_LDL_FC,rs472495
1,0.075437,met-d-M_LDL_FC,rs67276129
1,0.0243818,met-d-M_LDL_FC,rs2784259
1,-0.123434,met-d-M_LDL_FC,rs12740374
2,-0.0268949,met-d-M_LDL_FC,rs11127048
2,0.104163,met-d-M_LDL_FC,rs562338
2,-0.0457679,met-d-M_LDL_FC,rs4299376
2,-0.0258505,met-d-M_LDL_FC,rs140798831
4,0.0255809,met-d-M_LDL_FC,rs59950280
5,0.0286898,met-d-M_LDL_FC,rs6882345
5,0.0521582,met-d-M_LDL_FC,rs3846662
5,-0.075452,met-d-M_LDL_FC,rs115421711
5,0.0239464,met-d-M_LDL_FC,rs1895233
5,0.0361815,met-d-M_LDL_FC,rs7707394
5,-0.0301446,met-d-M_LDL_FC,rs17689595
6,-0.066874,met-d-M_LDL_FC,rs115740542
6,-0.0399652,met-d-M_LDL_FC,rs114863007
6,-0.0336102,met-d-M_LDL_FC,rs3798167
6,-0.0229836,met-d-M_LDL_FC,rs6920309
6,0.0443909,met-d-M_LDL_FC,rs4452681
7,0.0349804,met-d-M_LDL_FC,rs4722551
7,-0.0284179,met-d-M_LDL_FC,rs10953298
7,0.0275721,met-d-M_LDL_FC,rs2073547
8,-0.0421022,met-d-M_LDL_FC,rs112875651
8,0.0579863,met-d-M_LDL_FC,rs1461729
8,0.0398608,met-d-M_LDL_FC,rs17411113
9,0.0642531,met-d-M_LDL_FC,rs115478735
9,-0.0290394,met-d-M_LDL_FC,rs2740488
11,0.0670182,met-d-M_LDL_FC,rs59379014
11,-0.0531501,met-d-M_LDL_FC,rs102275
12,0.0263076,met-d-M_LDL_FC,rs4766578
13,0.0247037,met-d-M_LDL_FC,rs35596121
14,0.0275557,met-d-M_LDL_FC,rs11621792
15,-0.0269159,met-d-M_LDL_FC,rs1800588
16,0.0372149,met-d-M_LDL_FC,rs34042070
17,0.0340519,met-d-M_LDL_FC,rs56325564
17,-0.0356261,met-d-M_LDL_FC,rs72631343
17,-0.0399817,met-d-M_LDL_FC,rs55714927
17,0.113374,met-d-M_LDL_FC,rs77542162
19,-0.570402,met-d-M_LDL_FC,rs1065853
19,-0.144377,met-d-M_LDL_FC,rs12151108
19,-0.148867,met-d-M_LDL_FC,rs111278137
19,-0.148779,met-d-M_LDL_FC,rs28807203
19,0.0678944,met-d-M_LDL_FC,rs8103315
19,-0.0850857,met-d-M_LDL_FC,rs58542926
19,0.168379,met-d-M_LDL_FC,rs1081105
19,0.0613543,met-d-M_LDL_FC,rs10410835
19,0.0310679,met-d-M_LDL_FC,rs2569550
20,0.0258166,met-d-M_LDL_FC,rs6016505
20,0.0518222,met-d-M_LDL_FC,rs6065904
20,-0.0251332,met-d-M_LDL_FC,rs2618566
