chr,beta,id,snp
2,0.0808014,met-d-Lactate,rs59273177
2,-0.0304673,met-d-Lactate,rs4665972
6,0.0356647,met-d-Lactate,rs9389268
8,-0.0297972,met-d-Lactate,rs6993770
9,0.0392514,met-d-Lactate,rs385893
10,0.024708,met-d-Lactate,rs1909682
10,0.0392919,met-d-Lactate,rs11251686
10,0.0580102,met-d-Lactate,rs61835136
11,0.0270352,met-d-Lactate,rs12273368
12,-0.0418021,met-d-Lactate,rs7137828
20,-0.024748,met-d-Lactate,rs1473698
22,0.0302758,met-d-Lactate,rs390387
