chr,beta,id,snp
1,-0.0952371,met-d-HDL_P,rs193084249
1,0.0351028,met-d-HDL_P,rs140584594
1,0.0382513,met-d-HDL_P,rs267738
1,0.0238429,met-d-HDL_P,rs4656292
1,-0.0433125,met-d-HDL_P,rs3768321
1,0.0411499,met-d-HDL_P,rs1321257
1,0.0446417,met-d-HDL_P,rs1002687
1,0.0246868,met-d-HDL_P,rs11208717
1,0.035055,met-d-HDL_P,rs2642438
2,-0.0272476,met-d-HDL_P,rs35135293
2,-0.0529031,met-d-HDL_P,rs1260326
2,0.0503428,met-d-HDL_P,rs673548
2,-0.0251412,met-d-HDL_P,rs1047891
2,-0.0279797,met-d-HDL_P,rs2943650
3,0.0275145,met-d-HDL_P,rs9647335
4,-0.0657141,met-d-HDL_P,rs13107325
6,0.0215963,met-d-HDL_P,rs9471972
6,0.0313886,met-d-HDL_P,rs1131285
6,-0.0330301,met-d-HDL_P,rs112495680
7,0.0221791,met-d-HDL_P,rs4721672
8,0.0297323,met-d-HDL_P,rs2737214
8,0.115117,met-d-HDL_P,rs4240624
8,-0.110482,met-d-HDL_P,rs139915535
8,0.0232737,met-d-HDL_P,rs7388248
8,-0.0582502,met-d-HDL_P,rs59347135
8,0.0816246,met-d-HDL_P,rs15285
9,0.0384907,met-d-HDL_P,rs686030
9,0.0587561,met-d-HDL_P,rs11789603
9,0.0287859,met-d-HDL_P,rs2519093
9,0.033957,met-d-HDL_P,rs2066714
9,-0.0493911,met-d-HDL_P,rs2740488
10,-0.0370681,met-d-HDL_P,rs2792735
10,-0.0324393,met-d-HDL_P,rs148063610
10,-0.0287995,met-d-HDL_P,rs140168704
10,-0.0346149,met-d-HDL_P,rs60847460
11,-0.0365597,met-d-HDL_P,rs174578
11,-0.0370413,met-d-HDL_P,rs11039238
11,-0.0617939,met-d-HDL_P,rs559355
11,-0.127677,met-d-HDL_P,rs144018203
11,0.0766619,met-d-HDL_P,rs625145
12,0.0266373,met-d-HDL_P,rs6606717
12,-0.0325267,met-d-HDL_P,rs838876
12,-0.0214885,met-d-HDL_P,rs17696736
12,-0.0438993,met-d-HDL_P,rs61941676
14,0.0245291,met-d-HDL_P,rs12878213
14,-0.0235923,met-d-HDL_P,rs2494748
15,-0.0628607,met-d-HDL_P,rs1601935
15,0.0600057,met-d-HDL_P,rs1077835
16,0.155148,met-d-HDL_P,rs3764261
16,0.0277094,met-d-HDL_P,rs2925979
16,-0.137073,met-d-HDL_P,rs75911530
16,-0.0778736,met-d-HDL_P,rs4986970
17,-0.0252931,met-d-HDL_P,rs967645
17,-0.125758,met-d-HDL_P,rs72836561
17,-0.0533256,met-d-HDL_P,rs112001035
17,0.0249798,met-d-HDL_P,rs4969141
18,0.116251,met-d-HDL_P,rs117687565
18,0.303737,met-d-HDL_P,rs77960347
18,-0.0926509,met-d-HDL_P,rs62101704
18,0.0902516,met-d-HDL_P,rs9304381
19,0.0448809,met-d-HDL_P,rs5167
19,0.157723,met-d-HDL_P,rs116843064
19,-0.0655346,met-d-HDL_P,rs737337
19,-0.0340168,met-d-HDL_P,rs8100204
19,-0.0310881,met-d-HDL_P,rs12721046
19,0.0296782,met-d-HDL_P,rs1761457
20,-0.131618,met-d-HDL_P,rs1800961
20,-0.028482,met-d-HDL_P,rs2236252
20,0.0314894,met-d-HDL_P,rs4239651
22,-0.0421102,met-d-HDL_P,rs2298428
