chr,beta,id,snp
2,0.0303997,met-d-Acetate,rs1260326
2,-0.0291251,met-d-Acetate,rs4988235
8,0.0247153,met-d-Acetate,rs28601761
9,-0.0345114,met-d-Acetate,rs12005199
12,0.0279168,met-d-Acetate,rs3184504
15,-0.079682,met-d-Acetate,rs139097404
20,-0.0426396,met-d-Acetate,rs7272751
20,0.0322423,met-d-Acetate,rs8123210
20,-0.0735518,met-d-Acetate,rs6138465
