chr,beta,id,snp
1,0.0349953,met-d-Albumin,rs11589479
1,-0.0302553,met-d-Albumin,rs34754216
1,-0.0314995,met-d-Albumin,rs3768321
1,-0.0253582,met-d-Albumin,rs58546652
1,0.0286584,met-d-Albumin,rs57274629
2,-0.0246448,met-d-Albumin,rs6734238
2,-0.0444079,met-d-Albumin,rs1260326
3,-0.0359885,met-d-Albumin,rs11128594
4,-0.0695923,met-d-Albumin,rs55881006
4,-0.0281529,met-d-Albumin,rs13108218
5,-0.0393009,met-d-Albumin,rs6871112
7,0.0499753,met-d-Albumin,rs114949263
8,0.0603088,met-d-Albumin,rs1461729
11,0.0321874,met-d-Albumin,rs3740688
12,0.0303081,met-d-Albumin,rs2933243
12,0.026539,met-d-Albumin,rs648997
14,0.428915,met-d-Albumin,rs28929474
14,0.145105,met-d-Albumin,rs17580
15,0.120695,met-d-Albumin,rs139974673
15,-0.0316658,met-d-Albumin,rs4886992
17,-0.156008,met-d-Albumin,rs77542162
17,-0.0514658,met-d-Albumin,rs74892229
17,-0.0292919,met-d-Albumin,rs142925250
17,0.0415659,met-d-Albumin,rs9912287
17,-0.0369604,met-d-Albumin,rs61653336
18,0.026938,met-d-Albumin,rs34284056
19,-0.0258045,met-d-Albumin,rs8107347
19,-0.0559249,met-d-Albumin,rs10419198
19,0.0633893,met-d-Albumin,rs58895965
