chr,beta,id,snp
1,-0.276574,met-d-M_LDL_L,rs11591147
1,0.037253,met-d-M_LDL_L,rs7534572
1,0.0880895,met-d-M_LDL_L,rs11206517
1,-0.0240133,met-d-M_LDL_L,rs2144300
1,0.0312234,met-d-M_LDL_L,rs553427
1,-0.113814,met-d-M_LDL_L,rs12740374
1,-0.0293306,met-d-M_LDL_L,rs2495477
2,-0.0418852,met-d-M_LDL_L,rs4299376
2,0.0780806,met-d-M_LDL_L,rs693
2,-0.0586861,met-d-M_LDL_L,rs4665972
4,-0.0316743,met-d-M_LDL_L,rs13108218
5,0.0499274,met-d-M_LDL_L,rs12916
5,0.0381393,met-d-M_LDL_L,rs4704834
5,0.0224915,met-d-M_LDL_L,rs1895233
5,-0.0667909,met-d-M_LDL_L,rs1499279
5,0.0315911,met-d-M_LDL_L,rs7707394
6,-0.0447111,met-d-M_LDL_L,rs3777411
6,-0.0557945,met-d-M_LDL_L,rs79220007
6,0.0412841,met-d-M_LDL_L,rs11755689
7,-0.0370262,met-d-M_LDL_L,rs55747707
8,-0.0245501,met-d-M_LDL_L,rs10504255
8,-0.0691633,met-d-M_LDL_L,rs112875651
8,-0.0242972,met-d-M_LDL_L,rs13702
8,0.0553744,met-d-M_LDL_L,rs6601299
8,0.0247153,met-d-M_LDL_L,rs13276044
9,-0.0291954,met-d-M_LDL_L,rs2740488
9,0.058017,met-d-M_LDL_L,rs115478735
11,-0.0292093,met-d-M_LDL_L,rs102275
11,-0.0829731,met-d-M_LDL_L,rs964184
11,0.0529398,met-d-M_LDL_L,rs4307732
12,0.0246707,met-d-M_LDL_L,rs10842724
12,0.0221752,met-d-M_LDL_L,rs4766578
14,0.0293539,met-d-M_LDL_L,rs11621792
16,-0.0398746,met-d-M_LDL_L,rs173539
16,0.0451665,met-d-M_LDL_L,rs34042070
17,0.102077,met-d-M_LDL_L,rs77542162
17,-0.0411856,met-d-M_LDL_L,rs55714927
17,0.0326087,met-d-M_LDL_L,rs56325564
17,-0.038187,met-d-M_LDL_L,rs72631343
19,-0.128654,met-d-M_LDL_L,rs111278137
19,0.0291404,met-d-M_LDL_L,rs2738447
19,-0.455489,met-d-M_LDL_L,rs1065853
19,-0.135523,met-d-M_LDL_L,rs12151108
19,-0.111446,met-d-M_LDL_L,rs58542926
19,-0.121509,met-d-M_LDL_L,rs28807203
19,0.162906,met-d-M_LDL_L,rs1081105
19,0.0521997,met-d-M_LDL_L,rs8103315
19,0.0494493,met-d-M_LDL_L,rs10410835
20,-0.0275957,met-d-M_LDL_L,rs6102034
20,0.0274786,met-d-M_LDL_L,rs6016505
20,0.0699733,met-d-M_LDL_L,rs6073958
