chr,beta,id,snp
1,0.030483,met-d-HDL_TG,rs1198433
1,0.103214,met-d-HDL_TG,rs79439217
2,-0.0975038,met-d-HDL_TG,rs1260326
2,0.0652024,met-d-HDL_TG,rs4665710
2,-0.0377278,met-d-HDL_TG,rs1128249
2,-0.0294307,met-d-HDL_TG,rs870526
2,0.0312678,met-d-HDL_TG,rs1515098
3,0.0350577,met-d-HDL_TG,rs684773
3,0.0385368,met-d-HDL_TG,rs56819515
4,0.0327698,met-d-HDL_TG,rs2035403
4,0.0257065,met-d-HDL_TG,rs293435
4,-0.0424444,met-d-HDL_TG,rs2035816
4,-0.0280213,met-d-HDL_TG,rs13108218
4,-0.123423,met-d-HDL_TG,rs141054404
5,0.0227549,met-d-HDL_TG,rs4704834
5,-0.043975,met-d-HDL_TG,rs11429307
6,-0.169156,met-d-HDL_TG,rs117733303
6,0.0220137,met-d-HDL_TG,rs2800708
6,-0.0385132,met-d-HDL_TG,rs6938550
6,0.0397025,met-d-HDL_TG,rs28383314
6,-0.0327626,met-d-HDL_TG,rs632057
6,0.0281103,met-d-HDL_TG,rs28752924
6,0.0455283,met-d-HDL_TG,rs12208357
6,-0.100978,met-d-HDL_TG,rs10455872
6,0.0603224,met-d-HDL_TG,rs12212146
6,0.02424,met-d-HDL_TG,rs998584
7,-0.0306812,met-d-HDL_TG,rs56001710
7,-0.10954,met-d-HDL_TG,rs3812316
7,0.0541387,met-d-HDL_TG,rs72555385
8,-0.164515,met-d-HDL_TG,rs328
8,-0.0341295,met-d-HDL_TG,rs1736070
8,0.0356285,met-d-HDL_TG,rs3860847
8,-0.0867607,met-d-HDL_TG,rs28601761
8,-0.0532289,met-d-HDL_TG,rs1561748
8,0.0421444,met-d-HDL_TG,rs4646246
8,0.0238562,met-d-HDL_TG,rs6420185
9,-0.0371834,met-d-HDL_TG,rs2740488
9,0.0349144,met-d-HDL_TG,rs11789603
10,-0.0319231,met-d-HDL_TG,rs3829125
10,0.0215607,met-d-HDL_TG,rs12263369
11,-0.174371,met-d-HDL_TG,rs1047964
11,0.245379,met-d-HDL_TG,rs141469619
11,-0.21507,met-d-HDL_TG,rs964184
11,0.046699,met-d-HDL_TG,rs174580
12,0.0227114,met-d-HDL_TG,rs6606725
12,-0.0313563,met-d-HDL_TG,rs7979473
12,0.0220436,met-d-HDL_TG,rs863750
12,-0.0933195,met-d-HDL_TG,rs76895963
15,-0.184772,met-d-HDL_TG,rs261290
15,-0.182777,met-d-HDL_TG,rs473224
15,0.140519,met-d-HDL_TG,rs150844304
15,-0.0841107,met-d-HDL_TG,rs10162642
16,-0.0252063,met-d-HDL_TG,rs2925979
16,-0.0568966,met-d-HDL_TG,rs821840
17,0.0275447,met-d-HDL_TG,rs12601919
17,0.0827328,met-d-HDL_TG,rs72836561
17,-0.0245459,met-d-HDL_TG,rs704
18,0.202797,met-d-HDL_TG,rs77960347
18,0.0588015,met-d-HDL_TG,rs2156552
19,0.260811,met-d-HDL_TG,rs1065853
19,-0.226944,met-d-HDL_TG,rs116843064
19,0.0358782,met-d-HDL_TG,rs56290633
19,0.0271481,met-d-HDL_TG,rs11878597
19,0.0732392,met-d-HDL_TG,rs144439590
19,-0.0647775,met-d-HDL_TG,rs8107974
20,-0.0243382,met-d-HDL_TG,rs1883715
20,0.0534547,met-d-HDL_TG,rs6073958
