chr,beta,id,snp
1,-0.333805,met-d-S_LDL_PL,rs11591147
1,-0.143663,met-d-S_LDL_PL,rs12740374
1,0.0366848,met-d-S_LDL_PL,rs472495
1,0.0327384,met-d-S_LDL_PL,rs553427
1,0.0783335,met-d-S_LDL_PL,rs67276129
1,-0.0297921,met-d-S_LDL_PL,rs4846922
1,-0.0240846,met-d-S_LDL_PL,rs140584594
1,-0.0256766,met-d-S_LDL_PL,rs35346083
2,-0.0458476,met-d-S_LDL_PL,rs4299376
2,-0.0332465,met-d-S_LDL_PL,rs11127048
2,0.0230689,met-d-S_LDL_PL,rs933969
2,0.126941,met-d-S_LDL_PL,rs562338
2,-0.0362928,met-d-S_LDL_PL,rs140798831
5,0.0580975,met-d-S_LDL_PL,rs3846662
5,-0.0731061,met-d-S_LDL_PL,rs1499279
5,-0.0297849,met-d-S_LDL_PL,rs17689595
5,0.0427076,met-d-S_LDL_PL,rs6874202
5,0.0390553,met-d-S_LDL_PL,rs7707394
6,0.0605839,met-d-S_LDL_PL,rs12208357
6,0.0320401,met-d-S_LDL_PL,rs11753995
6,0.0371326,met-d-S_LDL_PL,rs11755689
6,-0.0249667,met-d-S_LDL_PL,rs6920309
6,-0.0248253,met-d-S_LDL_PL,rs9471975
6,-0.0641154,met-d-S_LDL_PL,rs115740542
7,-0.0336051,met-d-S_LDL_PL,rs10642257
7,0.0250263,met-d-S_LDL_PL,rs59509802
8,-0.0229213,met-d-S_LDL_PL,rs10504255
8,-0.0527719,met-d-S_LDL_PL,rs112875651
8,0.0391786,met-d-S_LDL_PL,rs6601299
9,0.0420595,met-d-S_LDL_PL,rs115478735
11,0.0403346,met-d-S_LDL_PL,rs11601507
11,0.0609146,met-d-S_LDL_PL,rs59379014
11,-0.0520068,met-d-S_LDL_PL,rs102275
12,0.0292354,met-d-S_LDL_PL,rs7310615
13,-0.0284515,met-d-S_LDL_PL,rs61946985
13,0.024803,met-d-S_LDL_PL,rs6602909
14,-0.024457,met-d-S_LDL_PL,rs3751521
14,0.0283592,met-d-S_LDL_PL,rs11621792
16,0.0469886,met-d-S_LDL_PL,rs34042070
17,0.0352096,met-d-S_LDL_PL,rs56325564
17,-0.0379689,met-d-S_LDL_PL,rs72631343
17,0.128261,met-d-S_LDL_PL,rs77542162
17,-0.0338378,met-d-S_LDL_PL,rs55714927
19,0.0685431,met-d-S_LDL_PL,rs10410835
19,0.0730056,met-d-S_LDL_PL,rs8103315
19,-0.150558,met-d-S_LDL_PL,rs111278137
19,-0.166267,met-d-S_LDL_PL,rs28807203
19,-0.0961988,met-d-S_LDL_PL,rs58542926
19,0.0372586,met-d-S_LDL_PL,rs2569550
19,-0.644317,met-d-S_LDL_PL,rs1065853
19,-0.158246,met-d-S_LDL_PL,rs12151108
19,0.206328,met-d-S_LDL_PL,rs1081105
20,-0.0296363,met-d-S_LDL_PL,rs2618566
20,0.0793458,met-d-S_LDL_PL,rs1883711
21,0.0240896,met-d-S_LDL_PL,rs11088472
