chr,beta,id,snp
1,0.0273089,met-d-LDL_FC,rs2642438
1,-0.119841,met-d-LDL_FC,rs12740374
1,0.0376498,met-d-LDL_FC,rs472495
1,-0.0223041,met-d-LDL_FC,rs35346083
1,0.0320412,met-d-LDL_FC,rs553427
1,0.0770307,met-d-LDL_FC,rs67276129
1,-0.325042,met-d-LDL_FC,rs11591147
2,-0.0481612,met-d-LDL_FC,rs4299376
2,0.105353,met-d-LDL_FC,rs562338
5,-0.0699988,met-d-LDL_FC,rs115018790
5,0.0393464,met-d-LDL_FC,rs7707394
5,0.0245464,met-d-LDL_FC,rs1895233
5,0.0552814,met-d-LDL_FC,rs3846662
5,0.0274367,met-d-LDL_FC,rs6882345
6,-0.0661092,met-d-LDL_FC,rs115740542
6,0.0441149,met-d-LDL_FC,rs4452681
6,-0.0329837,met-d-LDL_FC,rs3798167
6,-0.036946,met-d-LDL_FC,rs11751347
6,-0.0410896,met-d-LDL_FC,rs114863007
7,0.037274,met-d-LDL_FC,rs4722551
7,0.0284782,met-d-LDL_FC,rs10260606
7,-0.0285433,met-d-LDL_FC,rs10953298
8,0.059103,met-d-LDL_FC,rs1461729
8,0.060355,met-d-LDL_FC,rs17411113
8,-0.0355609,met-d-LDL_FC,rs112875651
9,0.0632718,met-d-LDL_FC,rs115478735
9,-0.031833,met-d-LDL_FC,rs2740488
10,0.0239791,met-d-LDL_FC,rs10822145
10,-0.0249469,met-d-LDL_FC,rs2792735
11,-0.0649578,met-d-LDL_FC,rs102275
11,0.0511209,met-d-LDL_FC,rs4307732
12,0.0273126,met-d-LDL_FC,rs1805776
12,0.0286715,met-d-LDL_FC,rs4766578
13,-0.0239925,met-d-LDL_FC,rs61946991
14,0.0246749,met-d-LDL_FC,rs11621792
15,-0.045552,met-d-LDL_FC,rs117519814
16,0.0348936,met-d-LDL_FC,rs34042070
17,-0.0340368,met-d-LDL_FC,rs55714927
17,-0.0359074,met-d-LDL_FC,rs72631343
17,0.0658637,met-d-LDL_FC,rs75003668
17,0.127322,met-d-LDL_FC,rs77542162
17,-0.069075,met-d-LDL_FC,rs72836561
17,0.0334274,met-d-LDL_FC,rs4794048
19,-0.150395,met-d-LDL_FC,rs12151108
19,0.0682046,met-d-LDL_FC,rs8103315
19,-0.574869,met-d-LDL_FC,rs1065853
19,0.0614563,met-d-LDL_FC,rs2927468
19,-0.148585,met-d-LDL_FC,rs28807203
19,0.165296,met-d-LDL_FC,rs1081105
19,-0.0806675,met-d-LDL_FC,rs58542926
19,-0.145612,met-d-LDL_FC,rs111278137
19,0.0310911,met-d-LDL_FC,rs2569550
19,-0.0727741,met-d-LDL_FC,rs17875609
20,-0.027427,met-d-LDL_FC,rs2618566
20,0.0819978,met-d-LDL_FC,rs1883711
20,-0.0638814,met-d-LDL_FC,rs1800961
