chr,beta,id,snp
1,0.086558,met-d-M_LDL_P,rs11206517
1,-0.104962,met-d-M_LDL_P,rs12740374
1,-0.0301231,met-d-M_LDL_P,rs199900492
1,-0.278609,met-d-M_LDL_P,rs11591147
1,0.0405004,met-d-M_LDL_P,rs7534572
1,-0.0290115,met-d-M_LDL_P,rs2495477
2,-0.0455673,met-d-M_LDL_P,rs6729843
2,-0.0492144,met-d-M_LDL_P,rs4665972
2,-0.0436375,met-d-M_LDL_P,rs4299376
2,0.0839985,met-d-M_LDL_P,rs693
4,-0.0260318,met-d-M_LDL_P,rs13108218
5,0.0322775,met-d-M_LDL_P,rs7707394
5,0.0240096,met-d-M_LDL_P,rs9327296
5,0.0527981,met-d-M_LDL_P,rs12916
5,0.038833,met-d-M_LDL_P,rs4704834
6,-0.0250866,met-d-M_LDL_P,rs6920309
6,-0.1637,met-d-M_LDL_P,rs186696265
6,0.0405711,met-d-M_LDL_P,rs11755689
6,0.0629012,met-d-M_LDL_P,rs12208357
6,0.037119,met-d-M_LDL_P,rs11753995
6,0.0432497,met-d-M_LDL_P,rs28377109
7,0.0317297,met-d-M_LDL_P,rs10260606
8,-0.0506755,met-d-M_LDL_P,rs10096633
8,-0.0265165,met-d-M_LDL_P,rs10504255
8,-0.0685616,met-d-M_LDL_P,rs112875651
8,0.0423587,met-d-M_LDL_P,rs6601299
9,0.0574669,met-d-M_LDL_P,rs115478735
11,-0.0781278,met-d-M_LDL_P,rs964184
11,-0.0478187,met-d-M_LDL_P,rs102275
11,0.0552672,met-d-M_LDL_P,rs12804228
12,0.0252875,met-d-M_LDL_P,rs10842724
12,-0.025036,met-d-M_LDL_P,rs11057397
13,0.0244538,met-d-M_LDL_P,rs9577874
14,0.0230877,met-d-M_LDL_P,rs72694391
16,0.0455241,met-d-M_LDL_P,rs34042070
16,-0.0593565,met-d-M_LDL_P,rs247616
17,0.116889,met-d-M_LDL_P,rs77542162
17,0.0328421,met-d-M_LDL_P,rs4794048
17,-0.0414753,met-d-M_LDL_P,rs72631343
17,-0.028386,met-d-M_LDL_P,rs7406661
19,-0.100876,met-d-M_LDL_P,rs58542926
19,0.042239,met-d-M_LDL_P,rs8103315
19,-0.392915,met-d-M_LDL_P,rs1065853
19,-0.108709,met-d-M_LDL_P,rs28807203
19,0.0418054,met-d-M_LDL_P,rs10410835
19,-0.10637,met-d-M_LDL_P,rs111278137
19,-0.137934,met-d-M_LDL_P,rs12151108
19,0.142833,met-d-M_LDL_P,rs1081105
19,0.028441,met-d-M_LDL_P,rs2738447
20,0.0999035,met-d-M_LDL_P,rs1883711
