chr,beta,id,snp
1,0.036844,met-d-LDL_CE,rs7534572
1,-0.0314487,met-d-LDL_CE,rs2495477
1,-0.114189,met-d-LDL_CE,rs12740374
1,-0.292396,met-d-LDL_CE,rs11591147
1,0.092527,met-d-LDL_CE,rs11206517
1,0.033022,met-d-LDL_CE,rs553427
1,-0.0238109,met-d-LDL_CE,rs2986164
2,0.104683,met-d-LDL_CE,rs562338
2,-0.0455623,met-d-LDL_CE,rs4299376
2,-0.032086,met-d-LDL_CE,rs140798831
2,-0.0489183,met-d-LDL_CE,rs11127048
4,-0.0270179,met-d-LDL_CE,rs13108218
5,0.0356094,met-d-LDL_CE,rs7707394
5,0.0382781,met-d-LDL_CE,rs4704834
5,-0.0647841,met-d-LDL_CE,rs1499279
5,0.0531832,met-d-LDL_CE,rs3846662
5,-0.024068,met-d-LDL_CE,rs1500188
6,-0.0569024,met-d-LDL_CE,rs79220007
6,0.0389194,met-d-LDL_CE,rs11755689
6,-0.0435921,met-d-LDL_CE,rs3777411
7,0.0285081,met-d-LDL_CE,rs10260606
8,0.0613907,met-d-LDL_CE,rs1461729
8,-0.0613075,met-d-LDL_CE,rs112875651
8,-0.0247584,met-d-LDL_CE,rs10504255
9,0.0588884,met-d-LDL_CE,rs115478735
9,-0.0335899,met-d-LDL_CE,rs2740488
11,-0.0444737,met-d-LDL_CE,rs102275
11,0.049487,met-d-LDL_CE,rs4307732
11,-0.0612979,met-d-LDL_CE,rs964184
12,0.0253632,met-d-LDL_CE,rs4766578
12,0.028677,met-d-LDL_CE,rs1805776
13,0.0261106,met-d-LDL_CE,rs35596121
14,0.0280656,met-d-LDL_CE,rs11621792
15,-0.0285896,met-d-LDL_CE,rs261290
16,0.0440255,met-d-LDL_CE,rs34042070
17,-0.0389592,met-d-LDL_CE,rs72631343
17,0.11424,met-d-LDL_CE,rs77542162
17,0.0323319,met-d-LDL_CE,rs56325564
17,-0.0364348,met-d-LDL_CE,rs55714927
19,-0.142155,met-d-LDL_CE,rs12151108
19,0.165625,met-d-LDL_CE,rs1081105
19,-0.13089,met-d-LDL_CE,rs111278137
19,-0.476775,met-d-LDL_CE,rs1065853
19,0.0545661,met-d-LDL_CE,rs8103315
19,-0.108708,met-d-LDL_CE,rs58542926
19,-0.124466,met-d-LDL_CE,rs28807203
19,0.0520935,met-d-LDL_CE,rs10410835
19,0.0294023,met-d-LDL_CE,rs2738447
20,0.0972318,met-d-LDL_CE,rs1883711
20,-0.0331614,met-d-LDL_CE,rs4810479
