chr,beta,id,snp
1,0.0385998,met-d-PUFA,rs534417
1,-0.0589449,met-d-PUFA,rs12740374
1,-0.0299977,met-d-PUFA,rs199900492
1,-0.0356887,met-d-PUFA,rs199717562
1,0.0959946,met-d-PUFA,rs1002687
2,0.0748648,met-d-PUFA,rs672889
2,-0.0315084,met-d-PUFA,rs4299376
2,-0.0762658,met-d-PUFA,rs1260326
2,-0.084643,met-d-PUFA,rs6547409
2,-0.0321934,met-d-PUFA,rs870526
2,-0.0238966,met-d-PUFA,rs3770586
4,0.0337639,met-d-PUFA,rs4860948
4,-0.0343116,met-d-PUFA,rs13108218
5,0.0265334,met-d-PUFA,rs7707394
5,0.0456949,met-d-PUFA,rs6882345
5,0.0424902,met-d-PUFA,rs3843482
6,0.0604013,met-d-PUFA,rs115413710
6,0.0235759,met-d-PUFA,rs3822855
6,-0.203104,met-d-PUFA,rs9295128
6,-0.0475077,met-d-PUFA,rs6938647
6,0.0403992,met-d-PUFA,rs28383314
6,-0.0480587,met-d-PUFA,rs114863007
7,-0.0611785,met-d-PUFA,rs55747707
8,-0.0284526,met-d-PUFA,rs2326077
8,-0.0285112,met-d-PUFA,rs2737245
8,-0.07727,met-d-PUFA,rs112875651
8,0.0858304,met-d-PUFA,rs1461729
8,-0.0339303,met-d-PUFA,rs10096633
8,0.0291217,met-d-PUFA,rs7831074
9,-0.049166,met-d-PUFA,rs2740488
9,0.0373598,met-d-PUFA,rs115478735
9,0.0320614,met-d-PUFA,rs4008004
9,0.04771,met-d-PUFA,rs11789603
10,-0.0352293,met-d-PUFA,rs75406471
10,-0.030903,met-d-PUFA,rs148063610
11,0.0514132,met-d-PUFA,rs200671503
11,0.125151,met-d-PUFA,rs141469619
11,-0.0974089,met-d-PUFA,rs102275
11,-0.0410344,met-d-PUFA,rs2229738
11,-0.0647308,met-d-PUFA,rs72997616
11,0.0281478,met-d-PUFA,rs374209699
11,-0.15015,met-d-PUFA,rs964184
12,0.0268352,met-d-PUFA,rs4766578
12,-0.032523,met-d-PUFA,rs7970695
13,0.0279094,met-d-PUFA,rs6602911
15,-0.112315,met-d-PUFA,rs261290
15,0.0838432,met-d-PUFA,rs633695
16,-0.029365,met-d-PUFA,rs34955778
16,0.0559719,met-d-PUFA,rs183130
16,-0.0638502,met-d-PUFA,rs4986970
17,0.0239181,met-d-PUFA,rs4561509
18,0.0738115,met-d-PUFA,rs9304381
18,0.276962,met-d-PUFA,rs77960347
19,-0.104445,met-d-PUFA,rs56322906
19,0.0427981,met-d-PUFA,rs59774409
19,-0.102018,met-d-PUFA,rs73013176
19,-0.0922557,met-d-PUFA,rs142158911
19,-0.152376,met-d-PUFA,rs58542926
19,0.0212466,met-d-PUFA,rs157585
19,-0.169688,met-d-PUFA,rs1065853
19,-0.0456677,met-d-PUFA,rs72235114
20,-0.0324241,met-d-PUFA,rs2378390
20,0.09328,met-d-PUFA,rs1883711
20,-0.0717226,met-d-PUFA,rs1800961
22,-0.0288301,met-d-PUFA,rs5754102
22,0.0234318,met-d-PUFA,rs9616847
