chr,beta,id,snp
1,-0.126726,met-d-S_LDL_L,rs12740374
1,-0.0314532,met-d-S_LDL_L,rs2495477
1,-0.0298389,met-d-S_LDL_L,rs4846922
1,-0.0261198,met-d-S_LDL_L,rs2986164
1,-0.306972,met-d-S_LDL_L,rs11591147
1,0.0322295,met-d-S_LDL_L,rs553427
1,0.0912598,met-d-S_LDL_L,rs11206517
1,0.0303065,met-d-S_LDL_L,rs7534572
2,-0.0483561,met-d-S_LDL_L,rs4665972
2,-0.0454082,met-d-S_LDL_L,rs4299376
2,0.0846804,met-d-S_LDL_L,rs693
4,-0.027267,met-d-S_LDL_L,rs13108218
5,0.0561925,met-d-S_LDL_L,rs12916
5,-0.0655981,met-d-S_LDL_L,rs1499279
5,0.0437415,met-d-S_LDL_L,rs4704834
5,0.0360081,met-d-S_LDL_L,rs7707394
6,-0.0242826,met-d-S_LDL_L,rs6920309
6,-0.144959,met-d-S_LDL_L,rs186696265
6,0.041024,met-d-S_LDL_L,rs11755689
6,-0.0599843,met-d-S_LDL_L,rs115740542
6,0.0645294,met-d-S_LDL_L,rs12208357
6,0.0349405,met-d-S_LDL_L,rs11753995
7,-0.0286665,met-d-S_LDL_L,rs55747707
8,0.0479037,met-d-S_LDL_L,rs6601299
8,-0.0649192,met-d-S_LDL_L,rs112875651
8,-0.0261862,met-d-S_LDL_L,rs13702
8,-0.025478,met-d-S_LDL_L,rs10504255
9,0.0491557,met-d-S_LDL_L,rs115478735
11,-0.0752492,met-d-S_LDL_L,rs964184
11,0.051539,met-d-S_LDL_L,rs4307732
11,-0.0333118,met-d-S_LDL_L,rs102275
12,0.0249773,met-d-S_LDL_L,rs4766578
12,0.0246326,met-d-S_LDL_L,rs10842724
13,0.0271538,met-d-S_LDL_L,rs35596121
13,0.0256964,met-d-S_LDL_L,rs6602909
14,0.0280368,met-d-S_LDL_L,rs11621792
16,0.0470331,met-d-S_LDL_L,rs34042070
17,0.116732,met-d-S_LDL_L,rs77542162
17,0.0338113,met-d-S_LDL_L,rs56325564
17,-0.0391799,met-d-S_LDL_L,rs72631343
17,-0.0364684,met-d-S_LDL_L,rs55714927
19,0.0573102,met-d-S_LDL_L,rs10410835
19,-0.148908,met-d-S_LDL_L,rs12151108
19,0.187531,met-d-S_LDL_L,rs1081105
19,-0.1111,met-d-S_LDL_L,rs58542926
19,-0.13499,met-d-S_LDL_L,rs111278137
19,0.0337505,met-d-S_LDL_L,rs2569550
19,-0.138561,met-d-S_LDL_L,rs28807203
19,-0.525492,met-d-S_LDL_L,rs1065853
19,0.060018,met-d-S_LDL_L,rs8103315
20,0.0957586,met-d-S_LDL_L,rs1883711
20,-0.0327525,met-d-S_LDL_L,rs4810479
20,-0.0229397,met-d-S_LDL_L,rs2618566
