chr,beta,id,snp
1,-0.0270453,met-d-L_HDL_TG,rs4073054
1,0.0898765,met-d-L_HDL_TG,rs1002687
1,-0.0276231,met-d-L_HDL_TG,rs1277930
2,-0.0275654,met-d-L_HDL_TG,rs4296389
2,-0.0361048,met-d-L_HDL_TG,rs11895352
2,-0.0584684,met-d-L_HDL_TG,rs1260326
3,0.0387399,met-d-L_HDL_TG,rs56819515
3,0.0263586,met-d-L_HDL_TG,rs523118
4,0.0387741,met-d-L_HDL_TG,rs34707604
4,0.0241785,met-d-L_HDL_TG,rs6847980
6,-0.10126,met-d-L_HDL_TG,rs117733303
6,-0.0273384,met-d-L_HDL_TG,rs3132455
6,0.023074,met-d-L_HDL_TG,rs113410528
6,-0.0639096,met-d-L_HDL_TG,rs55730499
7,-0.0439128,met-d-L_HDL_TG,rs12701713
7,-0.0550271,met-d-L_HDL_TG,rs35814008
8,0.0431604,met-d-L_HDL_TG,rs34987019
8,-0.0589099,met-d-L_HDL_TG,rs28601761
8,0.0319571,met-d-L_HDL_TG,rs6420185
8,0.0292749,met-d-L_HDL_TG,rs2737214
8,-0.0245465,met-d-L_HDL_TG,rs804267
8,-0.0883014,met-d-L_HDL_TG,rs7819706
9,0.0511768,met-d-L_HDL_TG,rs2066714
9,0.0410832,met-d-L_HDL_TG,rs581080
9,-0.0681354,met-d-L_HDL_TG,rs2740488
9,0.0621782,met-d-L_HDL_TG,rs11789603
10,-0.0261883,met-d-L_HDL_TG,rs2792703
10,0.0214737,met-d-L_HDL_TG,rs1408579
10,-0.0264245,met-d-L_HDL_TG,rs148063610
10,0.0301744,met-d-L_HDL_TG,rs2398186
11,-0.148333,met-d-L_HDL_TG,rs964184
11,0.0844772,met-d-L_HDL_TG,rs494606
11,-0.0958491,met-d-L_HDL_TG,rs144646355
11,-0.0411116,met-d-L_HDL_TG,rs7118569
12,0.0311434,met-d-L_HDL_TG,rs10773112
12,-0.0387085,met-d-L_HDL_TG,rs7298909
12,-0.040222,met-d-L_HDL_TG,rs7979473
12,0.0288793,met-d-L_HDL_TG,rs918106
12,-0.0225193,met-d-L_HDL_TG,rs2292996
15,-0.105861,met-d-L_HDL_TG,rs148579489
15,0.0729472,met-d-L_HDL_TG,rs139974673
15,-0.277703,met-d-L_HDL_TG,rs473224
15,-0.112494,met-d-L_HDL_TG,rs117911817
15,-0.278782,met-d-L_HDL_TG,rs261290
15,-0.125085,met-d-L_HDL_TG,rs10162642
16,0.0348701,met-d-L_HDL_TG,rs3816117
17,-0.0273581,met-d-L_HDL_TG,rs7212349
18,0.0795736,met-d-L_HDL_TG,rs2156552
18,0.114672,met-d-L_HDL_TG,rs117687565
18,0.27341,met-d-L_HDL_TG,rs77960347
19,0.25871,met-d-L_HDL_TG,rs1065853
19,-0.110788,met-d-L_HDL_TG,rs17699030
19,-0.0269096,met-d-L_HDL_TG,rs838133
19,0.0339477,met-d-L_HDL_TG,rs4803773
19,0.0842009,met-d-L_HDL_TG,rs144439590
20,-0.0479558,met-d-L_HDL_TG,rs6065904
