chr,beta,id,snp
1,-0.109788,met-d-M_VLDL_C,rs12740374
1,-0.327361,met-d-M_VLDL_C,rs11591147
1,0.04138,met-d-M_VLDL_C,rs7534572
1,0.036399,met-d-M_VLDL_C,rs472495
1,0.0790208,met-d-M_VLDL_C,rs67276129
1,0.0301447,met-d-M_VLDL_C,rs553427
1,0.026867,met-d-M_VLDL_C,rs1293261
2,-0.0490283,met-d-M_VLDL_C,rs4299376
2,0.0910438,met-d-M_VLDL_C,rs693
2,-0.0832646,met-d-M_VLDL_C,rs60403635
5,0.0606153,met-d-M_VLDL_C,rs12916
5,-0.024052,met-d-M_VLDL_C,rs1500188
5,0.0389676,met-d-M_VLDL_C,rs7707394
5,0.0457152,met-d-M_VLDL_C,rs4704834
6,-0.0475857,met-d-M_VLDL_C,rs3777411
6,-0.0254645,met-d-M_VLDL_C,rs6920309
6,0.0540589,met-d-M_VLDL_C,rs72848251
6,0.0384822,met-d-M_VLDL_C,rs72843670
6,-0.0275386,met-d-M_VLDL_C,rs9274488
7,0.0356881,met-d-M_VLDL_C,rs10260606
7,0.0230294,met-d-M_VLDL_C,rs2107449
8,-0.0280763,met-d-M_VLDL_C,rs2737263
8,-0.0240967,met-d-M_VLDL_C,rs2326077
8,-0.0545909,met-d-M_VLDL_C,rs112875651
8,0.0382745,met-d-M_VLDL_C,rs6601299
9,0.0622919,met-d-M_VLDL_C,rs115478735
11,0.0438433,met-d-M_VLDL_C,rs11601507
11,-0.0449365,met-d-M_VLDL_C,rs102275
11,0.0546001,met-d-M_VLDL_C,rs12804228
11,-0.0564554,met-d-M_VLDL_C,rs964184
12,-0.023924,met-d-M_VLDL_C,rs3782257
12,0.0245945,met-d-M_VLDL_C,rs653178
13,0.0257648,met-d-M_VLDL_C,rs6602909
15,-0.0430237,met-d-M_VLDL_C,rs261290
15,0.0309021,met-d-M_VLDL_C,rs633695
16,0.0439266,met-d-M_VLDL_C,rs34042070
16,-0.0299335,met-d-M_VLDL_C,rs7202323
16,-0.0631987,met-d-M_VLDL_C,rs247616
17,-0.0446118,met-d-M_VLDL_C,rs72631343
17,0.151648,met-d-M_VLDL_C,rs77542162
17,0.0318493,met-d-M_VLDL_C,rs56325564
19,-0.108221,met-d-M_VLDL_C,rs58542926
19,-0.114954,met-d-M_VLDL_C,rs74747585
19,0.126867,met-d-M_VLDL_C,rs118170342
19,0.0369129,met-d-M_VLDL_C,rs2569550
19,-0.0945189,met-d-M_VLDL_C,rs62115478
19,-0.400189,met-d-M_VLDL_C,rs1065853
19,-0.160728,met-d-M_VLDL_C,rs12151108
19,0.0939515,met-d-M_VLDL_C,rs147711004
20,-0.0248271,met-d-M_VLDL_C,rs2618566
20,0.105484,met-d-M_VLDL_C,rs1883711
