chr,beta,id,snp
1,0.0357111,met-d-Acetone,rs1984769
1,-0.0296223,met-d-Acetone,rs2582783
5,-0.0691827,met-d-Acetone,rs11745373
6,-0.0800788,met-d-Acetone,rs117651719
8,0.0258106,met-d-Acetone,rs2954029
10,-0.0459442,met-d-Acetone,rs751945
10,-0.157219,met-d-Acetone,rs117810762
11,0.0353889,met-d-Acetone,rs11216157
12,-0.035867,met-d-Acetone,rs11061153
13,-0.0242259,met-d-Acetone,rs9590637
17,-0.101699,met-d-Acetone,rs117643180
19,-0.0304432,met-d-Acetone,rs2238691
