chr,beta,id,snp
1,0.0318578,met-d-L_LDL_FC,rs553427
1,0.0374767,met-d-L_LDL_FC,rs472495
1,-0.0223219,met-d-L_LDL_FC,rs35346083
1,0.0310507,met-d-L_LDL_FC,rs2642438
1,-0.113851,met-d-L_LDL_FC,rs12740374
1,-0.32431,met-d-L_LDL_FC,rs11591147
1,0.0764211,met-d-L_LDL_FC,rs67276129
2,0.102784,met-d-L_LDL_FC,rs562338
2,-0.0486952,met-d-L_LDL_FC,rs4299376
2,-0.024727,met-d-L_LDL_FC,rs2943650
5,0.0558844,met-d-L_LDL_FC,rs3846662
5,-0.0650336,met-d-L_LDL_FC,rs115018790
5,0.0261699,met-d-L_LDL_FC,rs6882345
5,0.0402248,met-d-L_LDL_FC,rs7707394
5,0.0247878,met-d-L_LDL_FC,rs1895233
6,0.0295387,met-d-L_LDL_FC,rs6935921
6,-0.0411969,met-d-L_LDL_FC,rs114863007
6,-0.0639516,met-d-L_LDL_FC,rs115740542
6,-0.0250765,met-d-L_LDL_FC,rs2065397
6,0.0435475,met-d-L_LDL_FC,rs4452681
7,0.0343719,met-d-L_LDL_FC,rs12056034
7,-0.0369203,met-d-L_LDL_FC,rs10642257
7,0.0288333,met-d-L_LDL_FC,rs10260606
7,-0.0281195,met-d-L_LDL_FC,rs10953298
8,0.0689155,met-d-L_LDL_FC,rs17411113
8,0.0606567,met-d-L_LDL_FC,rs1461729
8,-0.0333666,met-d-L_LDL_FC,rs112875651
9,0.0631854,met-d-L_LDL_FC,rs115478735
9,-0.0343688,met-d-L_LDL_FC,rs2740488
10,0.02777,met-d-L_LDL_FC,rs10822145
10,-0.0297787,met-d-L_LDL_FC,rs2792735
11,-0.0689512,met-d-L_LDL_FC,rs102275
11,0.0482063,met-d-L_LDL_FC,rs4307732
12,0.0294186,met-d-L_LDL_FC,rs653178
13,-0.0240134,met-d-L_LDL_FC,rs61946991
14,0.0228753,met-d-L_LDL_FC,rs11621792
15,-0.0476637,met-d-L_LDL_FC,rs117519814
15,0.0281633,met-d-L_LDL_FC,rs633695
15,0.0354246,met-d-L_LDL_FC,rs10468017
16,0.0331452,met-d-L_LDL_FC,rs34042070
17,-0.0307955,met-d-L_LDL_FC,rs55714927
17,0.0686448,met-d-L_LDL_FC,rs75003668
17,0.132331,met-d-L_LDL_FC,rs77542162
17,-0.0788311,met-d-L_LDL_FC,rs72836561
17,0.0324861,met-d-L_LDL_FC,rs4794048
17,-0.0357303,met-d-L_LDL_FC,rs72631343
19,0.158627,met-d-L_LDL_FC,rs1081105
19,-0.0785697,met-d-L_LDL_FC,rs58542926
19,-0.150386,met-d-L_LDL_FC,rs12151108
19,0.0591321,met-d-L_LDL_FC,rs2927468
19,-0.139485,met-d-L_LDL_FC,rs111278137
19,0.0299911,met-d-L_LDL_FC,rs2569550
19,0.0657721,met-d-L_LDL_FC,rs8103315
19,-0.551548,met-d-L_LDL_FC,rs1065853
19,-0.142126,met-d-L_LDL_FC,rs28807203
20,0.0808153,met-d-L_LDL_FC,rs1883711
20,-0.0274974,met-d-L_LDL_FC,rs2618566
20,-0.0686508,met-d-L_LDL_FC,rs1800961
