chr,beta,id,snp
1,0.041698,met-d-Gly,rs7515955
1,0.0679817,met-d-Gly,rs79687284
1,0.0221024,met-d-Gly,rs6587644
1,0.0233077,met-d-Gly,rs1801133
1,0.0290991,met-d-Gly,rs561931
2,-0.0653462,met-d-Gly,rs35034344
2,-0.0421118,met-d-Gly,rs4380169
2,0.535381,met-d-Gly,rs1047891
2,-0.0989874,met-d-Gly,rs75604103
2,0.0258325,met-d-Gly,rs36105243
2,0.0346173,met-d-Gly,rs10190808
2,0.0275746,met-d-Gly,rs17722201
2,0.0367698,met-d-Gly,rs10197334
2,-0.0224779,met-d-Gly,rs2972154
2,0.134687,met-d-Gly,rs62203720
3,0.0302863,met-d-Gly,rs3836259
3,0.0243303,met-d-Gly,rs374407247
3,0.0690031,met-d-Gly,rs10934753
3,-0.034346,met-d-Gly,rs35408322
4,-0.0242087,met-d-Gly,rs1965869
4,-0.0494356,met-d-Gly,rs13107325
5,0.0226052,met-d-Gly,rs11242109
5,-0.0316456,met-d-Gly,rs7704653
6,0.0232943,met-d-Gly,rs555754
6,-0.0243496,met-d-Gly,rs2608913
7,0.0723549,met-d-Gly,rs7800001
8,0.060914,met-d-Gly,rs28601761
8,0.0829439,met-d-Gly,rs192322963
8,0.0276846,met-d-Gly,rs6601302
8,-0.126861,met-d-Gly,rs4240624
9,-0.0289595,met-d-Gly,rs28435239
9,-0.0821551,met-d-Gly,rs2026972
11,-0.029436,met-d-Gly,rs2168101
12,0.0478885,met-d-Gly,rs2657879
12,0.0263338,met-d-Gly,rs67523949
12,0.0236924,met-d-Gly,rs11172190
12,0.0265213,met-d-Gly,rs2711697
12,0.0426129,met-d-Gly,rs56819961
12,0.0306817,met-d-Gly,rs11045886
13,0.0252027,met-d-Gly,rs9532939
14,-0.0229634,met-d-Gly,rs60877531
15,0.0942587,met-d-Gly,rs149181595
15,-0.0634669,met-d-Gly,rs34945403
16,0.117726,met-d-Gly,rs4889229
16,-0.128232,met-d-Gly,rs112247225
16,0.0317192,met-d-Gly,rs7188156
17,-0.0396909,met-d-Gly,rs369648654
19,-0.0370833,met-d-Gly,rs11666281
19,-0.021904,met-d-Gly,rs56113850
