chr,beta,id,snp
1,-0.308137,met-d-L_LDL_L,rs11591147
1,0.094659,met-d-L_LDL_L,rs11206517
1,0.0214416,met-d-L_LDL_L,rs1293261
1,-0.0327984,met-d-L_LDL_L,rs2495477
1,0.0295721,met-d-L_LDL_L,rs7534572
1,-0.11507,met-d-L_LDL_L,rs12740374
1,0.0329415,met-d-L_LDL_L,rs553427
1,0.024519,met-d-L_LDL_L,rs2642438
2,-0.0466062,met-d-L_LDL_L,rs4299376
2,-0.0369775,met-d-L_LDL_L,rs11127048
2,-0.0263425,met-d-L_LDL_L,rs140798831
2,0.110011,met-d-L_LDL_L,rs562338
5,0.0544705,met-d-L_LDL_L,rs3846662
5,0.0379324,met-d-L_LDL_L,rs7707394
5,0.0242267,met-d-L_LDL_L,rs1895233
5,0.0345869,met-d-L_LDL_L,rs6882345
5,-0.0665734,met-d-L_LDL_L,rs1499279
6,0.0481178,met-d-L_LDL_L,rs140145058
6,-0.0591341,met-d-L_LDL_L,rs115740542
6,-0.040101,met-d-L_LDL_L,rs3777411
6,0.035965,met-d-L_LDL_L,rs34825382
7,-0.0267931,met-d-L_LDL_L,rs10953298
7,0.0283227,met-d-L_LDL_L,rs10260606
8,0.060767,met-d-L_LDL_L,rs1461729
8,-0.0230781,met-d-L_LDL_L,rs10504255
8,-0.0539835,met-d-L_LDL_L,rs112875651
9,-0.0347522,met-d-L_LDL_L,rs2740488
9,0.0615751,met-d-L_LDL_L,rs115478735
11,-0.0549125,met-d-L_LDL_L,rs102275
11,0.0594927,met-d-L_LDL_L,rs59379014
11,-0.0349401,met-d-L_LDL_L,rs525028
12,0.0269877,met-d-L_LDL_L,rs4766578
12,0.0281814,met-d-L_LDL_L,rs1805776
13,-0.0252844,met-d-L_LDL_L,rs61946991
14,0.0273075,met-d-L_LDL_L,rs11621792
15,0.0410882,met-d-L_LDL_L,rs633695
15,-0.0519623,met-d-L_LDL_L,rs261290
16,0.0399875,met-d-L_LDL_L,rs34042070
17,-0.0382975,met-d-L_LDL_L,rs72631343
17,0.0328533,met-d-L_LDL_L,rs56325564
17,0.12547,met-d-L_LDL_L,rs77542162
17,-0.0349408,met-d-L_LDL_L,rs55714927
19,-0.508435,met-d-L_LDL_L,rs1065853
19,0.0589184,met-d-L_LDL_L,rs8103315
19,-0.146993,met-d-L_LDL_L,rs12151108
19,-0.131661,met-d-L_LDL_L,rs28807203
19,0.0549676,met-d-L_LDL_L,rs10410835
19,-0.0972679,met-d-L_LDL_L,rs58542926
19,0.164586,met-d-L_LDL_L,rs1081105
19,-0.135827,met-d-L_LDL_L,rs111278137
19,0.0298277,met-d-L_LDL_L,rs2738447
20,-0.0247012,met-d-L_LDL_L,rs2618566
20,0.0927344,met-d-L_LDL_L,rs1883711
