chr,beta,id,snp
1,-0.0212983,met-d-VLDL_L,rs12039675
1,0.0817253,met-d-VLDL_L,rs1168032
1,0.0457267,met-d-VLDL_L,rs4970836
1,-0.0383278,met-d-VLDL_L,rs4846914
1,0.100987,met-d-VLDL_L,rs114165349
2,-0.0884976,met-d-VLDL_L,rs1260326
2,-0.0459401,met-d-VLDL_L,rs1128249
2,0.110909,met-d-VLDL_L,rs2678379
2,-0.0328136,met-d-VLDL_L,rs13423088
2,-0.0341734,met-d-VLDL_L,rs60960031
2,-0.0252398,met-d-VLDL_L,rs4299376
3,-0.0357046,met-d-VLDL_L,rs9968117
3,0.0375523,met-d-VLDL_L,rs684773
4,-0.0255127,met-d-VLDL_L,rs4491981
4,0.0229783,met-d-VLDL_L,rs4698315
4,0.0329485,met-d-VLDL_L,rs1471251
4,-0.0351325,met-d-VLDL_L,rs13108218
5,-0.0276184,met-d-VLDL_L,rs13188623
5,0.0331077,met-d-VLDL_L,rs12916
5,0.0458278,met-d-VLDL_L,rs4704834
5,-0.05174,met-d-VLDL_L,rs11429307
6,0.0280854,met-d-VLDL_L,rs998584
6,-0.0348991,met-d-VLDL_L,rs632057
6,0.0566444,met-d-VLDL_L,rs12055389
6,0.0593629,met-d-VLDL_L,rs146203232
6,-0.283007,met-d-VLDL_L,rs117733303
6,0.0509897,met-d-VLDL_L,rs1557550
6,0.0426919,met-d-VLDL_L,rs11751024
6,0.0309386,met-d-VLDL_L,rs2186037
6,-0.156771,met-d-VLDL_L,rs10455872
7,0.0891431,met-d-VLDL_L,rs42125
7,0.0309014,met-d-VLDL_L,rs11976955
7,-0.0222717,met-d-VLDL_L,rs56001710
7,-0.086958,met-d-VLDL_L,rs55747707
8,-0.0562215,met-d-VLDL_L,rs1561748
8,-0.0252325,met-d-VLDL_L,rs2721961
8,0.0312865,met-d-VLDL_L,rs3860847
8,0.0289689,met-d-VLDL_L,rs13265201
8,-0.0883393,met-d-VLDL_L,rs28601761
8,-0.17544,met-d-VLDL_L,rs328
8,-0.0288342,met-d-VLDL_L,rs2081687
10,-0.0300645,met-d-VLDL_L,rs10761716
10,-0.0285495,met-d-VLDL_L,rs2478236
11,0.261828,met-d-VLDL_L,rs141469619
11,0.026247,met-d-VLDL_L,rs2915400
11,0.0290244,met-d-VLDL_L,rs174557
11,-0.202762,met-d-VLDL_L,rs964184
11,-0.222388,met-d-VLDL_L,rs1047964
12,-0.0302004,met-d-VLDL_L,rs7133378
12,-0.0307791,met-d-VLDL_L,rs4760254
13,0.0292477,met-d-VLDL_L,rs6602911
15,0.124176,met-d-VLDL_L,rs150844304
15,-0.0299629,met-d-VLDL_L,rs261290
16,-0.0621933,met-d-VLDL_L,rs247616
16,0.0408139,met-d-VLDL_L,rs2000999
17,-0.0658674,met-d-VLDL_L,rs149394327
17,0.0542735,met-d-VLDL_L,rs8078513
17,0.103281,met-d-VLDL_L,rs77697917
19,-0.126628,met-d-VLDL_L,rs58542926
19,0.0862931,met-d-VLDL_L,rs5112
19,-0.20859,met-d-VLDL_L,rs116843064
19,-0.0264785,met-d-VLDL_L,rs2081194
19,-0.052654,met-d-VLDL_L,rs57192995
19,-0.0605646,met-d-VLDL_L,rs73015034
19,0.0659666,met-d-VLDL_L,rs157592
20,0.0961295,met-d-VLDL_L,rs1883711
20,-0.0260025,met-d-VLDL_L,rs4810479
21,0.0220154,met-d-VLDL_L,rs62222988
22,0.0242607,met-d-VLDL_L,rs9616847
