chr,beta,id,snp
1,-0.0999247,met-d-IDL_FC,rs12740374
1,0.0371942,met-d-IDL_FC,rs2642438
1,-0.0234333,met-d-IDL_FC,rs35346083
1,0.0283722,met-d-IDL_FC,rs496654
1,-0.325843,met-d-IDL_FC,rs11591147
1,0.0359468,met-d-IDL_FC,rs472495
1,0.0745428,met-d-IDL_FC,rs67276129
2,-0.0276971,met-d-IDL_FC,rs2943650
2,-0.046603,met-d-IDL_FC,rs4299376
2,0.0982932,met-d-IDL_FC,rs562338
5,0.0261469,met-d-IDL_FC,rs6882345
5,-0.057664,met-d-IDL_FC,rs1499279
5,0.0236027,met-d-IDL_FC,rs1895233
5,0.0413907,met-d-IDL_FC,rs7707394
5,0.0576213,met-d-IDL_FC,rs3843482
6,0.029901,met-d-IDL_FC,rs6935921
6,-0.0223425,met-d-IDL_FC,rs2820232
6,0.0290306,met-d-IDL_FC,rs7773004
6,0.0303773,met-d-IDL_FC,rs662138
6,0.0455892,met-d-IDL_FC,rs147841808
7,0.053827,met-d-IDL_FC,rs12056034
7,0.0329735,met-d-IDL_FC,rs4722551
7,-0.0269699,met-d-IDL_FC,rs10282584
7,-0.027769,met-d-IDL_FC,rs10953298
7,0.0289857,met-d-IDL_FC,rs10260606
8,0.0775258,met-d-IDL_FC,rs117199990
8,0.0354285,met-d-IDL_FC,rs1561748
8,0.0245953,met-d-IDL_FC,rs17149760
8,-0.0343767,met-d-IDL_FC,rs112875651
8,0.0500866,met-d-IDL_FC,rs1461729
9,0.0642965,met-d-IDL_FC,rs507666
9,-0.0274023,met-d-IDL_FC,rs2740488
10,-0.0362044,met-d-IDL_FC,rs2792735
10,0.0324286,met-d-IDL_FC,rs10822145
11,-0.0903751,met-d-IDL_FC,rs102275
11,0.0419471,met-d-IDL_FC,rs4307732
11,-0.0240185,met-d-IDL_FC,rs10750766
11,0.044533,met-d-IDL_FC,rs964184
12,0.0308042,met-d-IDL_FC,rs653178
12,0.0285749,met-d-IDL_FC,rs148608463
13,-0.0236656,met-d-IDL_FC,rs61946991
15,0.0600198,met-d-IDL_FC,rs633695
15,-0.0802899,met-d-IDL_FC,rs261290
15,-0.0477981,met-d-IDL_FC,rs117519814
16,0.0306103,met-d-IDL_FC,rs56015824
16,-0.0315156,met-d-IDL_FC,rs77303550
17,0.0859784,met-d-IDL_FC,rs1801689
17,-0.0365283,met-d-IDL_FC,rs72631343
17,-0.0948529,met-d-IDL_FC,rs72836561
17,0.156386,met-d-IDL_FC,rs77542162
17,0.0319556,met-d-IDL_FC,rs4794048
18,0.126021,met-d-IDL_FC,rs77960347
19,-0.493381,met-d-IDL_FC,rs1065853
19,-0.143889,met-d-IDL_FC,rs73013176
19,-0.0796521,met-d-IDL_FC,rs79915079
19,-0.116957,met-d-IDL_FC,rs111278137
19,0.0503232,met-d-IDL_FC,rs2927468
19,-0.15182,met-d-IDL_FC,rs12151108
19,0.137364,met-d-IDL_FC,rs1081105
19,-0.0700618,met-d-IDL_FC,rs58542926
19,-0.0733822,met-d-IDL_FC,rs17875609
19,-0.126205,met-d-IDL_FC,rs28807203
19,0.0569309,met-d-IDL_FC,rs8103315
20,-0.027551,met-d-IDL_FC,rs2618566
20,-0.0385283,met-d-IDL_FC,rs6073966
