chr,beta,id,snp
1,0.0269406,met-d-M_VLDL_L,rs822928
1,-0.0778089,met-d-M_VLDL_L,rs12740374
1,-0.0761899,met-d-M_VLDL_L,rs12239736
1,-0.0326505,met-d-M_VLDL_L,rs4846914
1,0.0853776,met-d-M_VLDL_L,rs114165349
1,-0.0382528,met-d-M_VLDL_L,rs200730299
2,-0.109652,met-d-M_VLDL_L,rs11902417
2,-0.0762394,met-d-M_VLDL_L,rs1260326
2,0.0274606,met-d-M_VLDL_L,rs3034681
2,-0.0361897,met-d-M_VLDL_L,rs13389219
2,-0.0415487,met-d-M_VLDL_L,rs60960031
2,-0.0348746,met-d-M_VLDL_L,rs4299376
3,-0.0392933,met-d-M_VLDL_L,rs13059141
3,-0.0342805,met-d-M_VLDL_L,rs71630059
4,0.0275764,met-d-M_VLDL_L,rs1471251
4,-0.0363606,met-d-M_VLDL_L,rs13108218
5,0.0489436,met-d-M_VLDL_L,rs4704834
5,0.0448326,met-d-M_VLDL_L,rs12916
5,-0.0418331,met-d-M_VLDL_L,rs11429307
6,0.0484351,met-d-M_VLDL_L,rs11755689
6,0.0628291,met-d-M_VLDL_L,rs146203232
6,-0.0608386,met-d-M_VLDL_L,rs117534432
6,0.0228289,met-d-M_VLDL_L,rs998584
6,-0.0286634,met-d-M_VLDL_L,rs2908522
6,0.0422059,met-d-M_VLDL_L,rs28377109
6,-0.26228,met-d-M_VLDL_L,rs186696265
6,0.0277027,met-d-M_VLDL_L,rs2186037
7,0.0266801,met-d-M_VLDL_L,rs11976955
7,-0.0721558,met-d-M_VLDL_L,rs55747707
8,0.0396552,met-d-M_VLDL_L,rs6601299
8,-0.0822365,met-d-M_VLDL_L,rs112875651
8,-0.0294794,met-d-M_VLDL_L,rs2081687
8,-0.0419823,met-d-M_VLDL_L,rs1561748
8,-0.140623,met-d-M_VLDL_L,rs328
8,-0.026657,met-d-M_VLDL_L,rs2737245
9,0.0330508,met-d-M_VLDL_L,rs635634
10,-0.0229045,met-d-M_VLDL_L,rs10761716
10,-0.025935,met-d-M_VLDL_L,rs2478236
11,-0.174841,met-d-M_VLDL_L,rs964184
11,0.208644,met-d-M_VLDL_L,rs141469619
11,-0.179027,met-d-M_VLDL_L,rs1047964
12,0.0231744,met-d-M_VLDL_L,rs10842724
12,0.0308501,met-d-M_VLDL_L,rs10649122
12,-0.0286281,met-d-M_VLDL_L,rs11057397
13,0.0297474,met-d-M_VLDL_L,rs6602911
15,0.0948168,met-d-M_VLDL_L,rs150844304
16,0.0457834,met-d-M_VLDL_L,rs3794695
16,-0.0548521,met-d-M_VLDL_L,rs247616
17,0.022656,met-d-M_VLDL_L,rs56325564
17,-0.0369554,met-d-M_VLDL_L,rs740516
17,0.0522092,met-d-M_VLDL_L,rs8078513
17,0.0816465,met-d-M_VLDL_L,rs77697917
19,-0.139741,met-d-M_VLDL_L,rs58542926
19,0.0260247,met-d-M_VLDL_L,rs2738447
19,-0.206412,met-d-M_VLDL_L,rs1065853
19,0.134366,met-d-M_VLDL_L,rs79429216
19,-0.108373,met-d-M_VLDL_L,rs12151108
19,-0.0851863,met-d-M_VLDL_L,rs74747585
19,0.101976,met-d-M_VLDL_L,rs118170342
20,0.104405,met-d-M_VLDL_L,rs1883711
21,0.0233758,met-d-M_VLDL_L,rs8134638
22,0.0258615,met-d-M_VLDL_L,rs9616847
