chr,beta,id,snp
1,0.0232214,met-d-VLDL_CE,rs1293261
1,-0.278645,met-d-VLDL_CE,rs11591147
1,-0.0892367,met-d-VLDL_CE,rs12740374
1,0.0276635,met-d-VLDL_CE,rs822928
1,-0.0273534,met-d-VLDL_CE,rs2495477
1,0.0808373,met-d-VLDL_CE,rs11206517
1,0.0654243,met-d-VLDL_CE,rs7534572
2,-0.0435609,met-d-VLDL_CE,rs4299376
2,-0.028343,met-d-VLDL_CE,rs1128249
2,0.02536,met-d-VLDL_CE,rs4533439
2,0.0933179,met-d-VLDL_CE,rs693
2,-0.0471258,met-d-VLDL_CE,rs4665972
2,-0.0296141,met-d-VLDL_CE,rs1320143
3,-0.0357123,met-d-VLDL_CE,rs34894639
4,-0.0236577,met-d-VLDL_CE,rs13108218
4,0.0288121,met-d-VLDL_CE,rs1471251
5,0.03074,met-d-VLDL_CE,rs3936511
5,0.0326466,met-d-VLDL_CE,rs7707394
5,0.0547213,met-d-VLDL_CE,rs12916
5,0.0488084,met-d-VLDL_CE,rs4704834
6,0.071992,met-d-VLDL_CE,rs12208357
6,-0.0231186,met-d-VLDL_CE,rs6920309
6,0.0472233,met-d-VLDL_CE,rs11755689
6,-0.178034,met-d-VLDL_CE,rs9295128
6,0.0491401,met-d-VLDL_CE,rs28377109
7,0.0238443,met-d-VLDL_CE,rs1989985
7,0.0355308,met-d-VLDL_CE,rs10260606
7,-0.0364008,met-d-VLDL_CE,rs55747707
8,0.100571,met-d-VLDL_CE,rs144503444
8,-0.0282391,met-d-VLDL_CE,rs2326077
8,-0.0313068,met-d-VLDL_CE,rs2737245
8,-0.0902271,met-d-VLDL_CE,rs10096633
8,-0.0788825,met-d-VLDL_CE,rs112875651
9,0.0543273,met-d-VLDL_CE,rs115478735
10,-0.0254222,met-d-VLDL_CE,rs2478236
11,-0.159887,met-d-VLDL_CE,rs1047964
11,0.0354922,met-d-VLDL_CE,rs78689694
11,-0.124469,met-d-VLDL_CE,rs964184
11,0.144751,met-d-VLDL_CE,rs141469619
12,-0.0239921,met-d-VLDL_CE,rs4765127
12,0.0238008,met-d-VLDL_CE,rs10842724
12,0.0309528,met-d-VLDL_CE,rs10649122
12,-0.0249516,met-d-VLDL_CE,rs61931987
12,0.0286432,met-d-VLDL_CE,rs1169292
13,0.0295601,met-d-VLDL_CE,rs6602909
15,-0.0780435,met-d-VLDL_CE,rs261290
15,0.0547661,met-d-VLDL_CE,rs633695
16,0.0711982,met-d-VLDL_CE,rs75911530
16,0.0430323,met-d-VLDL_CE,rs3794695
16,-0.102974,met-d-VLDL_CE,rs247616
16,-0.030108,met-d-VLDL_CE,rs7202323
17,-0.044896,met-d-VLDL_CE,rs72631343
17,0.0271456,met-d-VLDL_CE,rs56325564
17,0.14203,met-d-VLDL_CE,rs77542162
19,-0.2554,met-d-VLDL_CE,rs1065853
19,0.0338576,met-d-VLDL_CE,rs2738447
19,-0.120602,met-d-VLDL_CE,rs58542926
19,-0.0907591,met-d-VLDL_CE,rs74747585
19,0.114571,met-d-VLDL_CE,rs79429216
19,0.111581,met-d-VLDL_CE,rs118170342
19,-0.14401,met-d-VLDL_CE,rs12151108
19,0.0262615,met-d-VLDL_CE,rs439523
20,0.117367,met-d-VLDL_CE,rs1883711
22,0.0265576,met-d-VLDL_CE,rs9616847
