chr,beta,id,snp
1,0.0311146,met-d-S_LDL_CE,rs553427
1,0.0862343,met-d-S_LDL_CE,rs11206517
1,-0.0294085,met-d-S_LDL_CE,rs2495477
1,-0.0247041,met-d-S_LDL_CE,rs2986164
1,-0.112303,met-d-S_LDL_CE,rs12740374
1,-0.283365,met-d-S_LDL_CE,rs11591147
1,0.0449964,met-d-S_LDL_CE,rs7534572
1,-0.0282996,met-d-S_LDL_CE,rs10127775
2,-0.0566891,met-d-S_LDL_CE,rs4665972
2,0.0824504,met-d-S_LDL_CE,rs693
2,-0.0443004,met-d-S_LDL_CE,rs4299376
4,-0.0308155,met-d-S_LDL_CE,rs13108218
5,0.0540222,met-d-S_LDL_CE,rs12916
5,0.0435798,met-d-S_LDL_CE,rs4704834
5,-0.022191,met-d-S_LDL_CE,rs1500188
5,0.033437,met-d-S_LDL_CE,rs7707394
6,0.0465873,met-d-S_LDL_CE,rs28377109
6,0.0363396,met-d-S_LDL_CE,rs11753995
6,-0.18589,met-d-S_LDL_CE,rs186696265
6,0.0664499,met-d-S_LDL_CE,rs12208357
6,-0.0233323,met-d-S_LDL_CE,rs6920309
6,0.0435378,met-d-S_LDL_CE,rs11755689
7,0.0299275,met-d-S_LDL_CE,rs10260606
7,-0.0381751,met-d-S_LDL_CE,rs55747707
8,0.0520933,met-d-S_LDL_CE,rs6601299
8,-0.0266283,met-d-S_LDL_CE,rs10504255
8,-0.0713707,met-d-S_LDL_CE,rs112875651
8,-0.0493592,met-d-S_LDL_CE,rs10096633
9,-0.0282023,met-d-S_LDL_CE,rs2740488
9,0.0523115,met-d-S_LDL_CE,rs115478735
10,-0.0216858,met-d-S_LDL_CE,rs2478237
11,-0.10171,met-d-S_LDL_CE,rs964184
11,0.0577055,met-d-S_LDL_CE,rs12804228
12,0.0248197,met-d-S_LDL_CE,rs10842724
12,0.0224888,met-d-S_LDL_CE,rs4766578
13,0.0256833,met-d-S_LDL_CE,rs6602911
14,0.0267243,met-d-S_LDL_CE,rs11621792
16,0.0463373,met-d-S_LDL_CE,rs34042070
16,-0.0420871,met-d-S_LDL_CE,rs173539
17,-0.0360905,met-d-S_LDL_CE,rs55714927
17,-0.0395843,met-d-S_LDL_CE,rs72631343
17,0.109079,met-d-S_LDL_CE,rs77542162
17,0.0315708,met-d-S_LDL_CE,rs56325564
19,0.0478567,met-d-S_LDL_CE,rs10410835
19,0.170725,met-d-S_LDL_CE,rs1081105
19,0.0485993,met-d-S_LDL_CE,rs8103315
19,-0.117134,met-d-S_LDL_CE,rs111278137
19,-0.421941,met-d-S_LDL_CE,rs1065853
19,-0.120238,met-d-S_LDL_CE,rs58542926
19,0.0310153,met-d-S_LDL_CE,rs2738447
19,-0.140602,met-d-S_LDL_CE,rs12151108
19,-0.113491,met-d-S_LDL_CE,rs28807203
20,0.0255574,met-d-S_LDL_CE,rs6016505
20,0.0474724,met-d-S_LDL_CE,rs6073958
20,-0.0282836,met-d-S_LDL_CE,rs6102034
