chr,beta,id,snp
1,0.0345396,met-d-S_HDL_PL,rs7551124
1,0.0412748,met-d-S_HDL_PL,rs140584594
1,0.0486612,met-d-S_HDL_PL,rs4656292
1,0.0425251,met-d-S_HDL_PL,rs267738
1,0.0805091,met-d-S_HDL_PL,rs1002687
1,-0.0312351,met-d-S_HDL_PL,rs583104
1,0.0251187,met-d-S_HDL_PL,rs4846922
2,-0.10288,met-d-S_HDL_PL,rs1260326
2,-0.0286502,met-d-S_HDL_PL,rs11895352
3,-0.0974685,met-d-S_HDL_PL,rs74780677
3,-0.0258328,met-d-S_HDL_PL,rs4261913
3,-0.0244336,met-d-S_HDL_PL,rs9878347
4,-0.0345673,met-d-S_HDL_PL,rs13108218
4,0.0257014,met-d-S_HDL_PL,rs28712821
6,0.0310041,met-d-S_HDL_PL,rs9273348
6,0.024259,met-d-S_HDL_PL,rs2395943
6,-0.102749,met-d-S_HDL_PL,rs186696265
6,0.0408283,met-d-S_HDL_PL,rs28383314
7,-0.0772811,met-d-S_HDL_PL,rs34060476
8,-0.0313041,met-d-S_HDL_PL,rs34120986
8,0.0256822,met-d-S_HDL_PL,rs1822200
8,0.0973034,met-d-S_HDL_PL,rs4240624
8,0.0328797,met-d-S_HDL_PL,rs13255048
8,-0.056824,met-d-S_HDL_PL,rs112875651
9,0.036855,met-d-S_HDL_PL,rs2245793
9,0.0383953,met-d-S_HDL_PL,rs635634
10,-0.0366604,met-d-S_HDL_PL,rs75406471
10,-0.0235208,met-d-S_HDL_PL,rs1316313
11,-0.0901067,met-d-S_HDL_PL,rs525028
11,0.0243304,met-d-S_HDL_PL,rs7924631
11,-0.0477536,met-d-S_HDL_PL,rs11601507
11,-0.0839734,met-d-S_HDL_PL,rs72997616
12,-0.0951453,met-d-S_HDL_PL,rs76895963
12,0.0238919,met-d-S_HDL_PL,rs9593
14,0.0247151,met-d-S_HDL_PL,rs11620783
14,-0.0246545,met-d-S_HDL_PL,rs11627138
14,0.0314009,met-d-S_HDL_PL,rs143550278
16,-0.0282331,met-d-S_HDL_PL,rs200125675
16,-0.0458077,met-d-S_HDL_PL,rs11076176
17,-0.0377052,met-d-S_HDL_PL,rs55714927
17,-0.0302953,met-d-S_HDL_PL,rs704
17,-0.0300162,met-d-S_HDL_PL,rs2952290
18,0.293879,met-d-S_HDL_PL,rs77960347
18,0.087365,met-d-S_HDL_PL,rs2156552
18,0.116476,met-d-S_HDL_PL,rs117687565
19,-0.0860108,met-d-S_HDL_PL,rs58542926
19,-0.128338,met-d-S_HDL_PL,rs182611493
19,0.140136,met-d-S_HDL_PL,rs1065853
19,0.0419698,met-d-S_HDL_PL,rs5157
19,-0.118773,met-d-S_HDL_PL,rs737338
20,-0.0650872,met-d-S_HDL_PL,rs11699553
20,0.154953,met-d-S_HDL_PL,rs6065906
20,-0.0301693,met-d-S_HDL_PL,rs2236252
22,-0.0387565,met-d-S_HDL_PL,rs2298428
22,-0.0236994,met-d-S_HDL_PL,rs5760108
