chr,beta,id,snp
1,0.0287876,met-d-Remnant_C,rs553427
1,-0.0961909,met-d-Remnant_C,rs12740374
1,0.0896875,met-d-Remnant_C,rs11206517
1,0.0555167,met-d-Remnant_C,rs7534572
1,-0.030727,met-d-Remnant_C,rs2495477
1,0.0240902,met-d-Remnant_C,rs1293261
1,-0.308812,met-d-Remnant_C,rs11591147
2,-0.0358659,met-d-Remnant_C,rs4665972
2,-0.0471096,met-d-Remnant_C,rs4299376
2,-0.0237703,met-d-Remnant_C,rs35633876
2,0.0773762,met-d-Remnant_C,rs693
3,0.0271374,met-d-Remnant_C,rs7610507
5,0.0418488,met-d-Remnant_C,rs4704834
5,0.0380344,met-d-Remnant_C,rs7707394
5,-0.0236135,met-d-Remnant_C,rs1500188
5,0.0583503,met-d-Remnant_C,rs12916
6,-0.0490352,met-d-Remnant_C,rs3777411
6,0.0484853,met-d-Remnant_C,rs72848251
6,0.0288869,met-d-Remnant_C,rs4935356
7,0.0335915,met-d-Remnant_C,rs10260606
7,-0.0252876,met-d-Remnant_C,rs869412
8,-0.0684526,met-d-Remnant_C,rs112875651
8,-0.027854,met-d-Remnant_C,rs2737245
8,0.0454324,met-d-Remnant_C,rs6601299
8,-0.0269267,met-d-Remnant_C,rs2326077
9,0.0590756,met-d-Remnant_C,rs115478735
10,-0.0210273,met-d-Remnant_C,rs2478237
11,0.052531,met-d-Remnant_C,rs12804228
11,-0.0714631,met-d-Remnant_C,rs964184
11,-0.045268,met-d-Remnant_C,rs102275
12,0.0309831,met-d-Remnant_C,rs1169292
12,0.0250495,met-d-Remnant_C,rs653178
12,0.0277616,met-d-Remnant_C,rs80017394
13,0.0241254,met-d-Remnant_C,rs6602911
14,0.0222831,met-d-Remnant_C,rs72694391
15,-0.0759118,met-d-Remnant_C,rs261290
15,0.0541986,met-d-Remnant_C,rs633695
16,-0.0610998,met-d-Remnant_C,rs247616
16,0.0408434,met-d-Remnant_C,rs34042070
16,-0.0265047,met-d-Remnant_C,rs7202323
17,0.149004,met-d-Remnant_C,rs77542162
17,0.0302231,met-d-Remnant_C,rs56325564
17,-0.0430252,met-d-Remnant_C,rs72631343
18,0.136299,met-d-Remnant_C,rs77960347
18,0.0311524,met-d-Remnant_C,rs4939883
19,-0.152987,met-d-Remnant_C,rs12151108
19,-0.117667,met-d-Remnant_C,rs58542926
19,0.0419652,met-d-Remnant_C,rs8103315
19,0.0325346,met-d-Remnant_C,rs2738447
19,-0.102609,met-d-Remnant_C,rs111278137
19,0.146542,met-d-Remnant_C,rs1081105
19,-0.103065,met-d-Remnant_C,rs28807203
19,-0.398066,met-d-Remnant_C,rs1065853
19,0.0420954,met-d-Remnant_C,rs10410835
20,0.110469,met-d-Remnant_C,rs1883711
22,0.0250582,met-d-Remnant_C,rs9616847
