chr,beta,id,snp
1,-0.31541,met-d-L_LDL_PL,rs11591147
1,0.0307715,met-d-L_LDL_PL,rs553427
1,0.0262361,met-d-L_LDL_PL,rs7534572
1,0.0270925,met-d-L_LDL_PL,rs2642438
1,-0.033205,met-d-L_LDL_PL,rs2495477
1,-0.111935,met-d-L_LDL_PL,rs12740374
1,0.0957592,met-d-L_LDL_PL,rs11206517
2,-0.0466191,met-d-L_LDL_PL,rs4299376
2,-0.0248465,met-d-L_LDL_PL,rs140798831
2,-0.0302259,met-d-L_LDL_PL,rs11127048
2,0.104574,met-d-L_LDL_PL,rs562338
5,0.0543371,met-d-L_LDL_PL,rs3846662
5,0.0311881,met-d-L_LDL_PL,rs6882345
5,-0.0696313,met-d-L_LDL_PL,rs1499279
5,0.0251925,met-d-L_LDL_PL,rs1895233
5,0.0379371,met-d-L_LDL_PL,rs7707394
6,0.0489347,met-d-L_LDL_PL,rs147841808
6,-0.0570291,met-d-L_LDL_PL,rs79220007
6,-0.0366629,met-d-L_LDL_PL,rs3798167
7,0.0293024,met-d-L_LDL_PL,rs10260606
7,-0.0277686,met-d-L_LDL_PL,rs10953298
8,-0.0512675,met-d-L_LDL_PL,rs112875651
8,0.0595957,met-d-L_LDL_PL,rs1461729
9,-0.0280278,met-d-L_LDL_PL,rs2740488
9,0.0671216,met-d-L_LDL_PL,rs115478735
11,-0.0558485,met-d-L_LDL_PL,rs102275
11,0.0642125,met-d-L_LDL_PL,rs59379014
11,-0.0246959,met-d-L_LDL_PL,rs525028
12,0.0281698,met-d-L_LDL_PL,rs1805776
12,0.0271621,met-d-L_LDL_PL,rs653178
13,0.0256841,met-d-L_LDL_PL,rs35596121
14,0.0264539,met-d-L_LDL_PL,rs11621792
15,-0.0317095,met-d-L_LDL_PL,rs261290
16,-0.0301346,met-d-L_LDL_PL,rs173539
16,0.0369688,met-d-L_LDL_PL,rs34042070
17,0.131105,met-d-L_LDL_PL,rs77542162
17,-0.0383815,met-d-L_LDL_PL,rs72631343
17,-0.0358952,met-d-L_LDL_PL,rs55714927
17,0.0329951,met-d-L_LDL_PL,rs56325564
19,-0.149347,met-d-L_LDL_PL,rs12151108
19,0.0598379,met-d-L_LDL_PL,rs8103315
19,0.157793,met-d-L_LDL_PL,rs1081105
19,-0.137207,met-d-L_LDL_PL,rs111278137
19,-0.522159,met-d-L_LDL_PL,rs1065853
19,-0.0952513,met-d-L_LDL_PL,rs58542926
19,-0.135483,met-d-L_LDL_PL,rs28807203
19,0.0548149,met-d-L_LDL_PL,rs10410835
19,0.0304353,met-d-L_LDL_PL,rs2738447
20,0.0961599,met-d-L_LDL_PL,rs1883711
20,-0.0300643,met-d-L_LDL_PL,rs4810479
20,-0.0242164,met-d-L_LDL_PL,rs2618566
