chr,beta,id,snp
1,0.0229488,met-d-Omega_3,rs6693447
1,0.0713574,met-d-Omega_3,rs1167998
1,0.0382887,met-d-Omega_3,rs629301
2,-0.0820592,met-d-Omega_3,rs1260326
2,-0.0251255,met-d-Omega_3,rs11681659
2,-0.0208868,met-d-Omega_3,rs35135293
2,0.0221268,met-d-Omega_3,rs13424225
2,-0.0361462,met-d-Omega_3,rs10184054
2,0.0349727,met-d-Omega_3,rs11563251
4,0.0463493,met-d-Omega_3,rs4860987
5,0.0240622,met-d-Omega_3,rs11242109
5,0.0288844,met-d-Omega_3,rs6882345
6,-0.0461429,met-d-Omega_3,rs2394976
6,-0.0629576,met-d-Omega_3,rs10455872
6,-0.0392017,met-d-Omega_3,rs3129962
6,-0.115945,met-d-Omega_3,rs117733303
7,-0.0721329,met-d-Omega_3,rs62466318
7,-0.0349475,met-d-Omega_3,rs73109460
7,-0.0288196,met-d-Omega_3,rs4000713
8,-0.0873719,met-d-Omega_3,rs112875651
8,0.0566995,met-d-Omega_3,rs9987289
8,-0.0396447,met-d-Omega_3,rs7819706
9,-0.0373414,met-d-Omega_3,rs1800978
10,0.0341853,met-d-Omega_3,rs55891451
10,0.0233527,met-d-Omega_3,rs7924036
10,0.0350603,met-d-Omega_3,rs6601924
11,-0.0669996,met-d-Omega_3,rs673335
11,-0.050608,met-d-Omega_3,rs12226389
11,-0.0353357,met-d-Omega_3,rs3018731
11,0.107134,met-d-Omega_3,rs144018203
11,-0.154138,met-d-Omega_3,rs143355652
11,-0.337094,met-d-Omega_3,rs174564
11,-0.116637,met-d-Omega_3,rs964184
11,-0.102959,met-d-Omega_3,rs11230829
12,-0.0253039,met-d-Omega_3,rs7970695
15,-0.114383,met-d-Omega_3,rs261290
15,0.117987,met-d-Omega_3,rs139974673
15,0.0356728,met-d-Omega_3,rs34663616
15,0.0840069,met-d-Omega_3,rs633695
16,0.0251849,met-d-Omega_3,rs1672811
16,-0.0810999,met-d-Omega_3,rs72789541
17,-0.0355285,met-d-Omega_3,rs16940904
18,0.0528854,met-d-Omega_3,rs9304381
18,0.161749,met-d-Omega_3,rs77960347
19,-0.0726631,met-d-Omega_3,rs737338
19,-0.209571,met-d-Omega_3,rs182611493
19,-0.171666,met-d-Omega_3,rs58542926
19,0.0476852,met-d-Omega_3,rs5112
19,0.0270834,met-d-Omega_3,rs1132899
19,0.0284296,met-d-Omega_3,rs157592
20,-0.0257607,met-d-Omega_3,rs6129624
21,-0.0370966,met-d-Omega_3,rs117143374
