chr,beta,id,snp
1,0.0323457,met-d-LDL_P,rs553427
1,0.0251275,met-d-LDL_P,rs1293261
1,0.0356542,met-d-LDL_P,rs472495
1,-0.121446,met-d-LDL_P,rs12740374
1,-0.321517,met-d-LDL_P,rs11591147
1,0.0788378,met-d-LDL_P,rs67276129
1,-0.0250418,met-d-LDL_P,rs4846922
1,0.0375266,met-d-LDL_P,rs7534572
2,-0.0478872,met-d-LDL_P,rs4299376
2,-0.0385916,met-d-LDL_P,rs4665972
2,0.0913963,met-d-LDL_P,rs693
2,-0.0456925,met-d-LDL_P,rs6729843
3,0.0277479,met-d-LDL_P,rs7610507
5,0.0466023,met-d-LDL_P,rs4704834
5,-0.0594789,met-d-LDL_P,rs1499279
5,0.0590598,met-d-LDL_P,rs12916
5,0.0381164,met-d-LDL_P,rs7707394
5,-0.0232486,met-d-LDL_P,rs1500188
6,0.0520132,met-d-LDL_P,rs72848251
6,0.0320831,met-d-LDL_P,rs4935356
6,-0.0477025,met-d-LDL_P,rs3777411
6,-0.0250328,met-d-LDL_P,rs6920309
6,-0.0517002,met-d-LDL_P,rs79220007
7,0.0317389,met-d-LDL_P,rs10260606
7,0.0222215,met-d-LDL_P,rs1989985
8,-0.063824,met-d-LDL_P,rs112875651
8,-0.0264011,met-d-LDL_P,rs2737245
8,0.0424654,met-d-LDL_P,rs6601299
8,-0.0262472,met-d-LDL_P,rs10504255
8,-0.0415514,met-d-LDL_P,rs10096633
9,0.0538933,met-d-LDL_P,rs115478735
11,-0.0759178,met-d-LDL_P,rs964184
11,0.0407742,met-d-LDL_P,rs11601507
11,-0.0410518,met-d-LDL_P,rs102275
11,0.0553544,met-d-LDL_P,rs12804228
12,0.024294,met-d-LDL_P,rs4766578
12,0.0246811,met-d-LDL_P,rs10842724
13,0.0271955,met-d-LDL_P,rs6602909
13,0.0273794,met-d-LDL_P,rs35596121
14,0.0251702,met-d-LDL_P,rs72694391
15,-0.0410131,met-d-LDL_P,rs261290
15,0.0320863,met-d-LDL_P,rs633695
16,0.0468239,met-d-LDL_P,rs34042070
16,-0.044091,met-d-LDL_P,rs173539
17,0.0330961,met-d-LDL_P,rs56325564
17,-0.0288829,met-d-LDL_P,rs55714927
17,-0.0431413,met-d-LDL_P,rs72631343
17,0.136705,met-d-LDL_P,rs77542162
19,0.0502708,met-d-LDL_P,rs8103315
19,-0.112886,met-d-LDL_P,rs58542926
19,-0.456162,met-d-LDL_P,rs1065853
19,0.17159,met-d-LDL_P,rs1081105
19,0.0515991,met-d-LDL_P,rs10410835
19,-0.115686,met-d-LDL_P,rs111278137
19,-0.157708,met-d-LDL_P,rs12151108
19,-0.120448,met-d-LDL_P,rs28807203
19,0.0360839,met-d-LDL_P,rs2569550
20,0.102854,met-d-LDL_P,rs1883711
20,-0.024683,met-d-LDL_P,rs2618566
22,0.0238448,met-d-LDL_P,rs9616847
