chr,beta,id,snp
1,0.072981,met-d-Cholines,rs1002687
1,-0.0281467,met-d-Cholines,rs3768321
1,0.0312591,met-d-Cholines,rs660240
1,0.0318321,met-d-Cholines,rs2642438
1,0.0222482,met-d-Cholines,rs496654
1,0.0352035,met-d-Cholines,rs7551124
1,0.0258268,met-d-Cholines,rs4846921
2,-0.0639379,met-d-Cholines,rs1260326
2,0.0671729,met-d-Cholines,rs672889
2,-0.0347248,met-d-Cholines,rs11895352
2,-0.0222933,met-d-Cholines,rs3770586
4,0.0324073,met-d-Cholines,rs4860948
4,-0.0500898,met-d-Cholines,rs13107325
5,0.0226975,met-d-Cholines,rs7707394
5,0.0321298,met-d-Cholines,rs5744672
5,0.0291503,met-d-Cholines,rs6882345
6,-0.06315,met-d-Cholines,rs79834165
6,0.0327018,met-d-Cholines,rs1131285
6,-0.117057,met-d-Cholines,rs186696265
6,0.0313975,met-d-Cholines,rs140145058
7,0.0255396,met-d-Cholines,rs10653440
7,-0.0330707,met-d-Cholines,rs1057558
8,0.0329854,met-d-Cholines,rs1992442
8,0.0241193,met-d-Cholines,rs2737214
8,0.0924825,met-d-Cholines,rs9987289
8,-0.0528956,met-d-Cholines,rs112875651
9,0.0326463,met-d-Cholines,rs2066714
9,-0.0483609,met-d-Cholines,rs2740488
9,0.0319483,met-d-Cholines,rs4008004
9,0.0536897,met-d-Cholines,rs11789603
9,0.0361024,met-d-Cholines,rs635634
10,-0.0324043,met-d-Cholines,rs148063610
10,-0.0356718,met-d-Cholines,rs2792735
10,-0.0383721,met-d-Cholines,rs117488242
11,-0.0380422,met-d-Cholines,rs102275
11,-0.0336748,met-d-Cholines,rs56030824
11,-0.0664556,met-d-Cholines,rs72997616
11,-0.0666488,met-d-Cholines,rs525028
12,0.0280369,met-d-Cholines,rs6606717
12,-0.0240313,met-d-Cholines,rs17696736
12,-0.0318155,met-d-Cholines,rs7139079
12,-0.0285765,met-d-Cholines,rs3741521
14,0.0231121,met-d-Cholines,rs12878213
15,0.042181,met-d-Cholines,rs34663616
15,-0.146608,met-d-Cholines,rs261290
15,0.108287,met-d-Cholines,rs633695
16,-0.0817577,met-d-Cholines,rs75911530
16,-0.0631405,met-d-Cholines,rs4986970
16,0.0985194,met-d-Cholines,rs3764261
17,-0.0862827,met-d-Cholines,rs72836561
17,-0.0245181,met-d-Cholines,rs2071379
18,0.313193,met-d-Cholines,rs77960347
18,0.115223,met-d-Cholines,rs117687565
18,0.0849387,met-d-Cholines,rs9304381
19,-0.0884372,met-d-Cholines,rs58542926
19,-0.0616141,met-d-Cholines,rs142158911
19,-0.0294917,met-d-Cholines,rs8103923
19,0.0256741,met-d-Cholines,rs602662
19,-0.12628,met-d-Cholines,rs1065853
19,-0.0414276,met-d-Cholines,rs72235114
19,-0.116806,met-d-Cholines,rs17699030
20,0.0619569,met-d-Cholines,rs1883711
20,-0.0953227,met-d-Cholines,rs1800961
22,-0.0361572,met-d-Cholines,rs5754102
