chr,beta,id,snp
1,-0.0320708,met-d-SFA,rs12740374
1,0.0822227,met-d-SFA,rs1002687
1,0.037708,met-d-SFA,rs7551124
2,-0.029496,met-d-SFA,rs1128249
2,-0.0492916,met-d-SFA,rs4564803
2,-0.0249701,met-d-SFA,rs60960031
2,-0.0260664,met-d-SFA,rs11895352
2,-0.105845,met-d-SFA,rs1260326
3,0.0265901,met-d-SFA,rs4678438
4,-0.0274688,met-d-SFA,rs13108218
4,0.0262768,met-d-SFA,rs6847980
5,0.0272473,met-d-SFA,rs35953663
5,-0.0335009,met-d-SFA,rs11429307
5,0.0382379,met-d-SFA,rs4704834
6,-0.0287854,met-d-SFA,rs632057
6,0.0291435,met-d-SFA,rs35603463
6,0.0391406,met-d-SFA,rs28383314
6,-0.242563,met-d-SFA,rs117733303
6,0.0498123,met-d-SFA,rs146203232
6,-0.135858,met-d-SFA,rs10455872
7,-0.0832736,met-d-SFA,rs3812316
8,-0.082064,met-d-SFA,rs139315015
8,-0.028235,met-d-SFA,rs10504255
8,-0.090598,met-d-SFA,rs28601761
8,-0.0242497,met-d-SFA,rs34120986
8,0.0581705,met-d-SFA,rs2126259
9,0.0257936,met-d-SFA,rs10810374
9,0.0425819,met-d-SFA,rs11789603
9,-0.0369738,met-d-SFA,rs2740488
10,-0.0217743,met-d-SFA,rs1890896
10,-0.0241254,met-d-SFA,rs10884966
10,-0.0401499,met-d-SFA,rs117488242
10,0.0252274,met-d-SFA,rs12263369
11,-0.032731,met-d-SFA,rs102275
11,-0.144632,met-d-SFA,rs964184
11,0.16013,met-d-SFA,rs141469619
11,-0.044704,met-d-SFA,rs7118569
12,-0.0290957,met-d-SFA,rs7979473
12,0.0267869,met-d-SFA,rs918106
13,0.0259862,met-d-SFA,rs6602911
14,0.0218835,met-d-SFA,rs11620783
15,-0.101359,met-d-SFA,rs261290
15,0.0937267,met-d-SFA,rs139974673
15,0.0726336,met-d-SFA,rs633695
16,0.0287218,met-d-SFA,rs2000999
16,-0.0395606,met-d-SFA,rs11076175
18,0.0514191,met-d-SFA,rs2156552
18,0.200754,met-d-SFA,rs77960347
19,0.0602076,met-d-SFA,rs5112
19,-0.0588191,met-d-SFA,rs12151108
19,-0.0869586,met-d-SFA,rs56322906
19,0.0507778,met-d-SFA,rs157592
19,-0.0306084,met-d-SFA,rs739320
19,-0.116939,met-d-SFA,rs58542926
20,0.0800695,met-d-SFA,rs1883711
