chr,beta,id,snp
1,-0.301058,met-d-S_LDL_P,rs11591147
1,0.0413676,met-d-S_LDL_P,rs7534572
1,-0.0313626,met-d-S_LDL_P,rs199900492
1,-0.0298855,met-d-S_LDL_P,rs4846922
1,-0.112839,met-d-S_LDL_P,rs12740374
1,0.07276,met-d-S_LDL_P,rs67276129
1,-0.0270331,met-d-S_LDL_P,rs2986164
1,0.032255,met-d-S_LDL_P,rs472495
2,-0.046227,met-d-S_LDL_P,rs4665972
2,0.0902157,met-d-S_LDL_P,rs693
2,-0.0490014,met-d-S_LDL_P,rs6729843
2,-0.0470559,met-d-S_LDL_P,rs4299376
3,0.0299161,met-d-S_LDL_P,rs7610507
4,-0.0241447,met-d-S_LDL_P,rs13108218
5,0.034823,met-d-S_LDL_P,rs7707394
5,0.0455971,met-d-S_LDL_P,rs4704834
5,0.0574605,met-d-S_LDL_P,rs12916
6,0.0685942,met-d-S_LDL_P,rs12208357
6,-0.0248654,met-d-S_LDL_P,rs6920309
6,-0.184329,met-d-S_LDL_P,rs186696265
6,0.0419875,met-d-S_LDL_P,rs11755689
6,0.044647,met-d-S_LDL_P,rs28377109
6,0.0365013,met-d-S_LDL_P,rs11753995
7,0.033812,met-d-S_LDL_P,rs10260606
7,-0.0302461,met-d-S_LDL_P,rs55747707
7,0.0252989,met-d-S_LDL_P,rs17144574
8,0.0898509,met-d-S_LDL_P,rs144503444
8,-0.072011,met-d-S_LDL_P,rs112875651
8,-0.0293304,met-d-S_LDL_P,rs10504255
8,-0.0267768,met-d-S_LDL_P,rs2737245
8,-0.064014,met-d-S_LDL_P,rs10096633
9,-0.0286536,met-d-S_LDL_P,rs2740488
9,0.0491292,met-d-S_LDL_P,rs115478735
10,-0.0221765,met-d-S_LDL_P,rs2478237
11,-0.0955914,met-d-S_LDL_P,rs964184
11,0.0567754,met-d-S_LDL_P,rs12804228
11,-0.0333875,met-d-S_LDL_P,rs102275
12,-0.0250729,met-d-S_LDL_P,rs11057397
12,0.0240402,met-d-S_LDL_P,rs10842724
13,0.0265962,met-d-S_LDL_P,rs6602909
13,0.0252264,met-d-S_LDL_P,rs35596121
14,0.023274,met-d-S_LDL_P,rs72694391
15,-0.0455714,met-d-S_LDL_P,rs261290
15,0.0328719,met-d-S_LDL_P,rs633695
16,-0.054068,met-d-S_LDL_P,rs247616
16,0.0465775,met-d-S_LDL_P,rs34042070
17,0.129999,met-d-S_LDL_P,rs77542162
17,0.0331261,met-d-S_LDL_P,rs56325564
17,-0.0425387,met-d-S_LDL_P,rs72631343
19,-0.11678,met-d-S_LDL_P,rs28807203
19,0.0464845,met-d-S_LDL_P,rs8103315
19,0.0331599,met-d-S_LDL_P,rs2738447
19,0.163236,met-d-S_LDL_P,rs1081105
19,-0.422318,met-d-S_LDL_P,rs1065853
19,-0.148699,met-d-S_LDL_P,rs12151108
19,0.0473371,met-d-S_LDL_P,rs10410835
19,-0.106444,met-d-S_LDL_P,rs58542926
19,-0.110829,met-d-S_LDL_P,rs111278137
20,0.102146,met-d-S_LDL_P,rs1883711
