chr,beta,id,snp
1,-0.0962096,met-d-Total_FC,rs12740374
1,-0.0295506,met-d-Total_FC,rs2495477
1,0.0272623,met-d-Total_FC,rs2642438
1,0.0317445,met-d-Total_FC,rs553427
1,0.0873566,met-d-Total_FC,rs11206517
1,0.0504432,met-d-Total_FC,rs7534572
1,0.0234994,met-d-Total_FC,rs1293261
1,-0.285377,met-d-Total_FC,rs11591147
2,-0.0447467,met-d-Total_FC,rs4299376
2,0.101278,met-d-Total_FC,rs562338
2,-0.0296929,met-d-Total_FC,rs140798831
2,-0.040868,met-d-Total_FC,rs11127048
2,-0.0247176,met-d-Total_FC,rs35135293
4,0.0261635,met-d-Total_FC,rs4860948
5,0.0418047,met-d-Total_FC,rs4704834
5,0.0561879,met-d-Total_FC,rs3843482
5,-0.0239807,met-d-Total_FC,rs1500188
5,0.0380492,met-d-Total_FC,rs7707394
6,0.0439779,met-d-Total_FC,rs28377109
6,0.0368727,met-d-Total_FC,rs11755689
6,-0.0456548,met-d-Total_FC,rs3777411
7,0.0288734,met-d-Total_FC,rs10260606
7,-0.0272269,met-d-Total_FC,rs1057558
8,-0.0578551,met-d-Total_FC,rs112875651
8,-0.0255114,met-d-Total_FC,rs2326077
8,0.0668798,met-d-Total_FC,rs1461729
9,0.0554995,met-d-Total_FC,rs115478735
9,0.0373453,met-d-Total_FC,rs11789603
9,-0.0387635,met-d-Total_FC,rs2740488
10,-0.0272305,met-d-Total_FC,rs2792735
11,-0.0372341,met-d-Total_FC,rs525028
11,-0.0603162,met-d-Total_FC,rs102275
11,0.0379471,met-d-Total_FC,rs4307732
11,-0.0344836,met-d-Total_FC,rs200526320
12,0.0296857,met-d-Total_FC,rs1169292
12,0.0291389,met-d-Total_FC,rs653178
12,0.0286081,met-d-Total_FC,rs80017394
13,-0.023927,met-d-Total_FC,rs61946991
14,0.0235389,met-d-Total_FC,rs11621792
15,-0.0862081,met-d-Total_FC,rs261290
15,0.0641462,met-d-Total_FC,rs633695
16,-0.0308638,met-d-Total_FC,rs11076176
16,0.0391075,met-d-Total_FC,rs34042070
17,0.128925,met-d-Total_FC,rs77542162
17,-0.0381776,met-d-Total_FC,rs72631343
17,0.0297345,met-d-Total_FC,rs56325564
18,0.178867,met-d-Total_FC,rs77960347
18,0.044322,met-d-Total_FC,rs9304381
19,-0.390491,met-d-Total_FC,rs1065853
19,-0.140727,met-d-Total_FC,rs12151108
19,-0.107646,met-d-Total_FC,rs111278137
19,-0.076406,met-d-Total_FC,rs79915079
19,-0.109844,met-d-Total_FC,rs58542926
19,0.142273,met-d-Total_FC,rs1081105
19,0.0405396,met-d-Total_FC,rs10410835
19,0.0419843,met-d-Total_FC,rs8103315
19,-0.0988653,met-d-Total_FC,rs28807203
19,-0.137785,met-d-Total_FC,rs73013176
20,-0.0305301,met-d-Total_FC,rs2378390
20,-0.0220422,met-d-Total_FC,rs2618566
20,0.0939529,met-d-Total_FC,rs1883711
20,-0.0642492,met-d-Total_FC,rs1800961
