chr,beta,id,snp
1,-0.319346,met-d-IDL_L,rs11591147
1,-0.0317735,met-d-IDL_L,rs2495477
1,0.0278644,met-d-IDL_L,rs553427
1,0.0349865,met-d-IDL_L,rs2642438
1,0.0925921,met-d-IDL_L,rs11206517
1,0.034337,met-d-IDL_L,rs7534572
1,0.0226057,met-d-IDL_L,rs1293261
1,-0.0968923,met-d-IDL_L,rs12740374
2,0.106599,met-d-IDL_L,rs562338
2,-0.0462012,met-d-IDL_L,rs4299376
2,-0.0248299,met-d-IDL_L,rs907866
2,-0.0225511,met-d-IDL_L,rs2943650
4,0.0238812,met-d-IDL_L,rs35088884
5,0.0557496,met-d-IDL_L,rs3846662
5,-0.057181,met-d-IDL_L,rs1499279
5,0.0404734,met-d-IDL_L,rs7707394
5,0.0301609,met-d-IDL_L,rs6882345
5,-0.0235648,met-d-IDL_L,rs1500188
6,0.0458156,met-d-IDL_L,rs147841808
6,0.0257059,met-d-IDL_L,rs7773004
6,-0.0220845,met-d-IDL_L,rs2820232
6,-0.0355933,met-d-IDL_L,rs3798167
7,-0.0346845,met-d-IDL_L,rs1057558
7,0.0367388,met-d-IDL_L,rs12056034
7,0.0279675,met-d-IDL_L,rs10260606
8,0.0543044,met-d-IDL_L,rs325
8,0.0513328,met-d-IDL_L,rs1461729
8,-0.047093,met-d-IDL_L,rs112875651
9,-0.0278284,met-d-IDL_L,rs2740488
9,0.0600826,met-d-IDL_L,rs115478735
10,-0.0359089,met-d-IDL_L,rs2792735
10,0.0292468,met-d-IDL_L,rs10822145
11,-0.0736708,met-d-IDL_L,rs102274
11,0.0559729,met-d-IDL_L,rs112819436
11,-0.0310995,met-d-IDL_L,rs673335
12,0.0332976,met-d-IDL_L,rs1169292
12,0.0298178,met-d-IDL_L,rs653178
13,-0.0258898,met-d-IDL_L,rs61946991
14,0.0214995,met-d-IDL_L,rs11621792
15,-0.101734,met-d-IDL_L,rs261290
15,0.0771324,met-d-IDL_L,rs633695
15,0.0231194,met-d-IDL_L,rs261276
16,-0.0327338,met-d-IDL_L,rs77303550
16,0.0286928,met-d-IDL_L,rs56015824
17,-0.0862231,met-d-IDL_L,rs72836561
17,0.0762597,met-d-IDL_L,rs75003668
17,-0.0379519,met-d-IDL_L,rs72631343
17,0.0305477,met-d-IDL_L,rs56325564
17,0.153638,met-d-IDL_L,rs77542162
18,0.158544,met-d-IDL_L,rs77960347
18,0.0372284,met-d-IDL_L,rs7241918
19,-0.125391,met-d-IDL_L,rs28807203
19,-0.0873054,met-d-IDL_L,rs58542926
19,-0.150962,met-d-IDL_L,rs12151108
19,-0.12193,met-d-IDL_L,rs111278137
19,0.146168,met-d-IDL_L,rs1081105
19,0.0553931,met-d-IDL_L,rs8103315
19,-0.144574,met-d-IDL_L,rs73013176
19,0.0504265,met-d-IDL_L,rs2927468
19,-0.500149,met-d-IDL_L,rs1065853
19,-0.0795828,met-d-IDL_L,rs79915079
20,-0.0260994,met-d-IDL_L,rs2618566
20,0.089057,met-d-IDL_L,rs1883711
20,0.0241523,met-d-IDL_L,rs4812975
