chr,beta,id,snp
1,-0.0302326,met-d-bOHbutyrate,rs10127775
5,-0.0459785,met-d-bOHbutyrate,rs585188
8,0.0654579,met-d-bOHbutyrate,rs9987289
8,-0.0276302,met-d-bOHbutyrate,rs2645433
9,0.0347025,met-d-bOHbutyrate,rs4149307
9,-0.0316957,met-d-bOHbutyrate,rs2575876
10,0.0409399,met-d-bOHbutyrate,rs2419604
11,-0.0486628,met-d-bOHbutyrate,rs964184
12,-0.0242485,met-d-bOHbutyrate,rs1169297
12,-0.0350217,met-d-bOHbutyrate,rs12314700
14,-0.068998,met-d-bOHbutyrate,rs72702354
14,-0.158295,met-d-bOHbutyrate,rs28929474
15,0.0340063,met-d-bOHbutyrate,rs473224
15,-0.0292474,met-d-bOHbutyrate,rs35853021
16,0.0632021,met-d-bOHbutyrate,rs9930957
17,-0.0849923,met-d-bOHbutyrate,rs117643180
19,0.054874,met-d-bOHbutyrate,rs429358
