chr,beta,id,snp
1,-0.327845,met-d-IDL_PL,rs11591147
1,0.0239019,met-d-IDL_PL,rs1293261
1,0.0364814,met-d-IDL_PL,rs7534572
1,0.0312082,met-d-IDL_PL,rs2642438
1,-0.101489,met-d-IDL_PL,rs12740374
1,0.0351051,met-d-IDL_PL,rs472495
1,0.0778996,met-d-IDL_PL,rs67276129
1,0.0289268,met-d-IDL_PL,rs496654
2,-0.0265229,met-d-IDL_PL,rs140798831
2,-0.0220954,met-d-IDL_PL,rs35135293
2,-0.0220874,met-d-IDL_PL,rs10176901
2,0.112619,met-d-IDL_PL,rs562338
2,-0.0476506,met-d-IDL_PL,rs4299376
4,0.0279755,met-d-IDL_PL,rs4860948
5,0.0412265,met-d-IDL_PL,rs7707394
5,0.0364281,met-d-IDL_PL,rs6882345
5,0.0585159,met-d-IDL_PL,rs3843482
5,-0.0236347,met-d-IDL_PL,rs1500188
6,-0.037141,met-d-IDL_PL,rs3798167
6,0.024394,met-d-IDL_PL,rs7773004
6,0.0497941,met-d-IDL_PL,rs147841808
6,-0.0224779,met-d-IDL_PL,rs2820232
7,0.0322947,met-d-IDL_PL,rs12056034
7,-0.0312488,met-d-IDL_PL,rs10282584
7,0.0295308,met-d-IDL_PL,rs10260606
8,0.0421882,met-d-IDL_PL,rs1461729
8,-0.0498023,met-d-IDL_PL,rs112875651
8,-0.0253067,met-d-IDL_PL,rs2737245
8,-0.0227509,met-d-IDL_PL,rs2326077
9,0.0593406,met-d-IDL_PL,rs115478735
9,-0.0262898,met-d-IDL_PL,rs2740488
10,-0.0302305,met-d-IDL_PL,rs2792735
10,0.0248917,met-d-IDL_PL,rs10822145
11,0.0543929,met-d-IDL_PL,rs112819436
11,-0.0740937,met-d-IDL_PL,rs102274
11,0.044869,met-d-IDL_PL,rs11601507
12,0.0280636,met-d-IDL_PL,rs653178
12,0.0274302,met-d-IDL_PL,rs80017394
12,0.0351636,met-d-IDL_PL,rs1169292
13,-0.0271591,met-d-IDL_PL,rs61946991
15,0.0284105,met-d-IDL_PL,rs261274
15,-0.127735,met-d-IDL_PL,rs261290
15,0.0982959,met-d-IDL_PL,rs633695
16,0.0293389,met-d-IDL_PL,rs56015824
16,-0.0348589,met-d-IDL_PL,rs77303550
17,0.030365,met-d-IDL_PL,rs56325564
17,-0.0411825,met-d-IDL_PL,rs72631343
17,-0.0789274,met-d-IDL_PL,rs72836561
17,0.162378,met-d-IDL_PL,rs77542162
17,0.0814502,met-d-IDL_PL,rs75003668
18,0.144345,met-d-IDL_PL,rs77960347
18,0.0337866,met-d-IDL_PL,rs7241918
19,0.0484673,met-d-IDL_PL,rs10410835
19,0.0493139,met-d-IDL_PL,rs8103315
19,-0.157386,met-d-IDL_PL,rs12151108
19,-0.115441,met-d-IDL_PL,rs28807203
19,-0.45812,met-d-IDL_PL,rs1065853
19,0.0316563,met-d-IDL_PL,rs2738447
19,-0.0861124,met-d-IDL_PL,rs58542926
19,-0.110996,met-d-IDL_PL,rs111278137
19,0.14729,met-d-IDL_PL,rs1081105
20,-0.0277712,met-d-IDL_PL,rs2618566
20,-0.0252288,met-d-IDL_PL,rs6102034
20,0.0217074,met-d-IDL_PL,rs6016505
20,-0.0462776,met-d-IDL_PL,rs6073971
