chr,beta,id,snp
1,-0.0297281,met-d-S_HDL_P,rs3768321
1,0.0405546,met-d-S_HDL_P,rs267738
1,0.036437,met-d-S_HDL_P,rs36209093
1,0.047873,met-d-S_HDL_P,rs72736909
1,0.0488603,met-d-S_HDL_P,rs4656292
1,0.0488937,met-d-S_HDL_P,rs5774606
2,-0.0918238,met-d-S_HDL_P,rs1260326
3,-0.0238088,met-d-S_HDL_P,rs4261913
3,0.0287685,met-d-S_HDL_P,rs62276455
3,0.0247171,met-d-S_HDL_P,rs35938493
4,-0.040057,met-d-S_HDL_P,rs13108218
4,0.0235434,met-d-S_HDL_P,rs28712821
6,0.0499273,met-d-S_HDL_P,rs377181093
6,0.0407785,met-d-S_HDL_P,rs9270000
7,-0.0644263,met-d-S_HDL_P,rs34060476
8,0.0282386,met-d-S_HDL_P,rs2645422
8,0.0374773,met-d-S_HDL_P,rs17411133
8,-0.0454253,met-d-S_HDL_P,rs112875651
8,0.106668,met-d-S_HDL_P,rs4841132
9,0.0660048,met-d-S_HDL_P,rs77437185
9,0.0555223,met-d-S_HDL_P,rs115478735
9,-0.0266899,met-d-S_HDL_P,rs2740488
11,0.0280582,met-d-S_HDL_P,rs56776911
11,-0.0760382,met-d-S_HDL_P,rs525028
11,-0.0627096,met-d-S_HDL_P,rs72997616
12,-0.0915029,met-d-S_HDL_P,rs76895963
12,0.0260338,met-d-S_HDL_P,rs34937700
12,0.0242131,met-d-S_HDL_P,rs12423535
12,-0.0484958,met-d-S_HDL_P,rs17389465
14,0.0279856,met-d-S_HDL_P,rs11621792
15,0.0553212,met-d-S_HDL_P,rs1532085
15,-0.0339608,met-d-S_HDL_P,rs12591786
15,-0.0850092,met-d-S_HDL_P,rs2070895
16,-0.0476407,met-d-S_HDL_P,rs11076176
17,0.0223258,met-d-S_HDL_P,rs11657987
17,-0.0271823,met-d-S_HDL_P,rs2952290
17,-0.050818,met-d-S_HDL_P,rs55714927
18,0.19311,met-d-S_HDL_P,rs77960347
18,0.059599,met-d-S_HDL_P,rs4939883
19,-0.0588584,met-d-S_HDL_P,rs1065853
19,-0.0799945,met-d-S_HDL_P,rs17699030
19,-0.121847,met-d-S_HDL_P,rs150057262
19,-0.0846525,met-d-S_HDL_P,rs58542926
20,0.0913793,met-d-S_HDL_P,rs146276488
20,0.0266205,met-d-S_HDL_P,rs6065935
20,0.0614499,met-d-S_HDL_P,rs76070947
20,0.187954,met-d-S_HDL_P,rs58952297
22,-0.0293603,met-d-S_HDL_P,rs3747207
22,-0.0335544,met-d-S_HDL_P,rs5754102
