chr,beta,id,snp
1,0.072026,met-d-S_HDL_L,rs1002687
1,-0.0245502,met-d-S_HDL_L,rs11417022
1,0.0385255,met-d-S_HDL_L,rs140584594
1,0.04115,met-d-S_HDL_L,rs267738
1,0.0382635,met-d-S_HDL_L,rs612177
1,0.0493656,met-d-S_HDL_L,rs4656292
1,0.0373346,met-d-S_HDL_L,rs4846335
2,-0.105463,met-d-S_HDL_L,rs1260326
2,-0.0250549,met-d-S_HDL_L,rs11895352
3,0.0244942,met-d-S_HDL_L,rs10935473
3,-0.0253883,met-d-S_HDL_L,rs4261913
3,-0.0243876,met-d-S_HDL_L,rs9878347
4,0.025961,met-d-S_HDL_L,rs28712821
4,-0.0382153,met-d-S_HDL_L,rs13108218
6,0.0412287,met-d-S_HDL_L,rs28383314
6,-0.0984004,met-d-S_HDL_L,rs186696265
6,0.0290633,met-d-S_HDL_L,rs9273348
7,-0.0804183,met-d-S_HDL_L,rs34060476
8,0.0992744,met-d-S_HDL_L,rs4240624
8,-0.0580394,met-d-S_HDL_L,rs112875651
8,-0.0315062,met-d-S_HDL_L,rs34120986
9,0.0371782,met-d-S_HDL_L,rs2245793
9,0.0448316,met-d-S_HDL_L,rs635634
10,-0.0348877,met-d-S_HDL_L,rs75406471
10,-0.0234138,met-d-S_HDL_L,rs1316313
11,-0.0445413,met-d-S_HDL_L,rs11601507
11,0.0255372,met-d-S_HDL_L,rs7924631
11,-0.0751786,met-d-S_HDL_L,rs72997616
11,-0.0898364,met-d-S_HDL_L,rs525028
12,-0.0998696,met-d-S_HDL_L,rs76895963
14,-0.0245475,met-d-S_HDL_L,rs11627138
14,0.02695,met-d-S_HDL_L,rs11620783
15,-0.0282779,met-d-S_HDL_L,rs1800588
15,-0.0325302,met-d-S_HDL_L,rs12591786
16,-0.0424321,met-d-S_HDL_L,rs11076176
17,-0.0438543,met-d-S_HDL_L,rs55714927
17,-0.0253113,met-d-S_HDL_L,rs704
17,-0.0298421,met-d-S_HDL_L,rs2952290
18,0.253391,met-d-S_HDL_L,rs77960347
18,0.0759491,met-d-S_HDL_L,rs4939883
19,-0.0885908,met-d-S_HDL_L,rs58542926
19,-0.103445,met-d-S_HDL_L,rs737338
19,0.0764712,met-d-S_HDL_L,rs1065853
19,-0.128583,met-d-S_HDL_L,rs150057262
19,0.0331222,met-d-S_HDL_L,rs5157
20,0.17339,met-d-S_HDL_L,rs139953093
20,0.0582773,met-d-S_HDL_L,rs76070947
22,-0.0368434,met-d-S_HDL_L,rs2298428
