chr,beta,id,snp
1,0.0305589,met-d-Total_P,rs140584594
1,0.0356521,met-d-Total_P,rs2642438
1,0.0362568,met-d-Total_P,rs4846921
1,0.0492095,met-d-Total_P,rs1002687
1,-0.0416392,met-d-Total_P,rs3768321
1,0.0250607,met-d-Total_P,rs11208717
1,0.0224211,met-d-Total_P,rs4656292
1,-0.0840931,met-d-Total_P,rs193084249
1,0.0347958,met-d-Total_P,rs267738
2,-0.0284827,met-d-Total_P,rs35135293
2,-0.0567455,met-d-Total_P,rs1260326
2,-0.0272457,met-d-Total_P,rs2943650
2,0.037454,met-d-Total_P,rs673548
4,-0.0628247,met-d-Total_P,rs13107325
5,0.0239899,met-d-Total_P,rs56912706
6,0.0329869,met-d-Total_P,rs1131285
6,-0.0324486,met-d-Total_P,rs112495680
6,-0.0632505,met-d-Total_P,rs79834165
7,0.0211544,met-d-Total_P,rs4721672
8,0.115213,met-d-Total_P,rs4240624
8,-0.0951308,met-d-Total_P,rs139915535
8,0.0273202,met-d-Total_P,rs2737214
8,0.0730695,met-d-Total_P,rs15285
8,-0.023565,met-d-Total_P,rs112875651
9,0.0368774,met-d-Total_P,rs507666
9,-0.0508238,met-d-Total_P,rs2740488
9,0.032468,met-d-Total_P,rs581080
9,0.0344513,met-d-Total_P,rs2066714
9,0.0587365,met-d-Total_P,rs11789603
10,-0.0372908,met-d-Total_P,rs2792735
10,-0.0325293,met-d-Total_P,rs60847460
10,-0.0298556,met-d-Total_P,rs140168704
10,-0.0320479,met-d-Total_P,rs148063610
11,-0.0368613,met-d-Total_P,rs56030824
11,-0.0411749,met-d-Total_P,rs174578
11,0.0746221,met-d-Total_P,rs688456
11,-0.0588208,met-d-Total_P,rs673335
12,-0.0305733,met-d-Total_P,rs3741521
12,0.0259659,met-d-Total_P,rs6606717
12,-0.0236608,met-d-Total_P,rs17696736
12,0.0345856,met-d-Total_P,rs7138492
14,0.0255553,met-d-Total_P,rs12878213
14,-0.0219238,met-d-Total_P,rs2494748
15,-0.0268555,met-d-Total_P,rs1560390
15,-0.0598579,met-d-Total_P,rs473224
15,-0.0676998,met-d-Total_P,rs261290
16,0.139769,met-d-Total_P,rs3764261
16,0.0259061,met-d-Total_P,rs2925979
16,-0.124977,met-d-Total_P,rs75911530
16,-0.0772344,met-d-Total_P,rs4986970
17,-0.119967,met-d-Total_P,rs72836561
17,0.0249371,met-d-Total_P,rs4969141
17,-0.0230857,met-d-Total_P,rs2071379
18,0.301821,met-d-Total_P,rs77960347
18,0.112402,met-d-Total_P,rs117687565
18,-0.092789,met-d-Total_P,rs62101705
18,0.0881312,met-d-Total_P,rs9304381
19,0.0418661,met-d-Total_P,rs79366941
19,-0.112953,met-d-Total_P,rs17699030
19,-0.0265474,met-d-Total_P,rs75627662
19,-0.0599859,met-d-Total_P,rs58542926
19,0.0427376,met-d-Total_P,rs5167
19,0.0291658,met-d-Total_P,rs2385020
20,0.0294322,met-d-Total_P,rs4239651
20,-0.129118,met-d-Total_P,rs1800961
22,-0.0411206,met-d-Total_P,rs2298428
