chr,beta,id,snp
2,0.0232954,met-d-Total_BCAA,rs2943652
2,-0.0347625,met-d-Total_BCAA,rs1128249
2,-0.0513609,met-d-Total_BCAA,rs1260326
2,-0.046396,met-d-Total_BCAA,rs72538440
3,-0.0282229,met-d-Total_BCAA,rs34894639
4,0.0642119,met-d-Total_BCAA,rs7656569
4,0.0964538,met-d-Total_BCAA,rs10018448
8,0.0288771,met-d-Total_BCAA,rs2977929
10,0.0536897,met-d-Total_BCAA,rs17096421
12,0.0438961,met-d-Total_BCAA,rs2638315
12,-0.0263288,met-d-Total_BCAA,rs36181536
16,0.0238944,met-d-Total_BCAA,rs6499561
16,-0.0920676,met-d-Total_BCAA,rs77724138
17,-0.149399,met-d-Total_BCAA,rs117643180
19,-0.0279514,met-d-Total_BCAA,rs12974412
19,-0.0392713,met-d-Total_BCAA,rs4801776
22,-0.0605426,met-d-Total_BCAA,rs5747934
