chr,beta,id,snp
1,-0.317008,met-d-IDL_C,rs11591147
1,0.0380332,met-d-IDL_C,rs2642438
1,0.0923986,met-d-IDL_C,rs11206517
1,-0.0939052,met-d-IDL_C,rs12740374
1,0.0265116,met-d-IDL_C,rs7534572
1,0.0222715,met-d-IDL_C,rs1293261
1,-0.0322481,met-d-IDL_C,rs2495477
1,0.0267922,met-d-IDL_C,rs553427
2,-0.0231693,met-d-IDL_C,rs907866
2,0.0993537,met-d-IDL_C,rs562338
2,-0.0465821,met-d-IDL_C,rs4299376
2,-0.0272193,met-d-IDL_C,rs2943650
5,0.055288,met-d-IDL_C,rs3846662
5,0.0406755,met-d-IDL_C,rs7707394
5,0.0239196,met-d-IDL_C,rs1895233
5,0.0243999,met-d-IDL_C,rs6882345
5,-0.0574027,met-d-IDL_C,rs1499279
6,0.0433088,met-d-IDL_C,rs147841808
6,0.0469341,met-d-IDL_C,rs10455872
6,-0.0400266,met-d-IDL_C,rs3777399
6,0.0366747,met-d-IDL_C,rs151060048
6,0.0271505,met-d-IDL_C,rs7773004
7,-0.0325904,met-d-IDL_C,rs10642257
7,-0.0264286,met-d-IDL_C,rs10953298
7,0.0497345,met-d-IDL_C,rs12056034
7,-0.0318095,met-d-IDL_C,rs1057558
7,0.0272259,met-d-IDL_C,rs10260606
8,0.0567761,met-d-IDL_C,rs1461729
8,0.0249532,met-d-IDL_C,rs17149760
8,0.0361978,met-d-IDL_C,rs1561748
8,-0.0364123,met-d-IDL_C,rs112875651
8,0.078399,met-d-IDL_C,rs117199990
9,-0.026785,met-d-IDL_C,rs2740488
9,0.0605167,met-d-IDL_C,rs115478735
10,-0.039673,met-d-IDL_C,rs2792735
10,0.0343606,met-d-IDL_C,rs10822145
11,0.0411972,met-d-IDL_C,rs4307732
11,-0.0784975,met-d-IDL_C,rs102274
11,-0.0347946,met-d-IDL_C,rs673335
11,-0.0326849,met-d-IDL_C,rs200526320
12,0.03119,met-d-IDL_C,rs653178
12,0.0305744,met-d-IDL_C,rs1169294
13,-0.0239901,met-d-IDL_C,rs61946991
15,0.0520918,met-d-IDL_C,rs633695
15,-0.0691167,met-d-IDL_C,rs261290
15,-0.04578,met-d-IDL_C,rs117519814
16,0.0296007,met-d-IDL_C,rs56015824
16,-0.0299464,met-d-IDL_C,rs77303550
17,0.14864,met-d-IDL_C,rs77542162
17,0.0762203,met-d-IDL_C,rs1801689
17,-0.0352481,met-d-IDL_C,rs72631343
17,-0.0971929,met-d-IDL_C,rs72836561
17,0.0298475,met-d-IDL_C,rs56325564
18,0.037666,met-d-IDL_C,rs7241918
18,0.160887,met-d-IDL_C,rs77960347
19,0.0530946,met-d-IDL_C,rs2927468
19,-0.0815667,met-d-IDL_C,rs58542926
19,0.0602756,met-d-IDL_C,rs8103315
19,-0.140179,met-d-IDL_C,rs73013176
19,-0.0766806,met-d-IDL_C,rs17875609
19,-0.0772145,met-d-IDL_C,rs79915079
19,0.142958,met-d-IDL_C,rs1081105
19,-0.535193,met-d-IDL_C,rs1065853
19,-0.133446,met-d-IDL_C,rs28807203
19,-0.147673,met-d-IDL_C,rs12151108
19,-0.127794,met-d-IDL_C,rs111278137
20,0.0822964,met-d-IDL_C,rs1883711
20,-0.0260996,met-d-IDL_C,rs2618566
20,0.0238165,met-d-IDL_C,rs4812975
