chr,beta,id,snp
1,0.0364162,met-d-Phosphoglyc,rs7551124
1,0.0815021,met-d-Phosphoglyc,rs1002687
1,0.0248842,met-d-Phosphoglyc,rs1321257
1,0.0299968,met-d-Phosphoglyc,rs2642438
2,-0.0359705,met-d-Phosphoglyc,rs11895352
2,-0.0737192,met-d-Phosphoglyc,rs1260326
2,-0.0219893,met-d-Phosphoglyc,rs3770586
2,0.0607673,met-d-Phosphoglyc,rs672889
4,-0.0212572,met-d-Phosphoglyc,rs13108218
4,-0.0460585,met-d-Phosphoglyc,rs13107325
4,0.0332568,met-d-Phosphoglyc,rs4860948
5,0.0317933,met-d-Phosphoglyc,rs4704224
5,0.0291206,met-d-Phosphoglyc,rs6882345
6,0.0345019,met-d-Phosphoglyc,rs75657395
6,-0.047441,met-d-Phosphoglyc,rs9265965
6,-0.133992,met-d-Phosphoglyc,rs186696265
7,0.0339866,met-d-Phosphoglyc,rs10653440
7,-0.0326926,met-d-Phosphoglyc,rs12701713
8,-0.0602897,met-d-Phosphoglyc,rs112875651
8,0.0908294,met-d-Phosphoglyc,rs9987289
8,0.0247586,met-d-Phosphoglyc,rs17411168
8,0.0248391,met-d-Phosphoglyc,rs2737214
9,0.0313156,met-d-Phosphoglyc,rs4008004
9,0.031154,met-d-Phosphoglyc,rs2066714
9,-0.0467397,met-d-Phosphoglyc,rs2740488
9,0.0529147,met-d-Phosphoglyc,rs11789603
9,0.0324784,met-d-Phosphoglyc,rs635634
10,-0.0344614,met-d-Phosphoglyc,rs2792735
10,-0.0323176,met-d-Phosphoglyc,rs148063610
10,-0.0366912,met-d-Phosphoglyc,rs140168704
11,-0.032156,met-d-Phosphoglyc,rs56030824
11,-0.0419708,met-d-Phosphoglyc,rs102275
11,-0.0722789,met-d-Phosphoglyc,rs72997616
11,-0.0746949,met-d-Phosphoglyc,rs525028
12,-0.0232048,met-d-Phosphoglyc,rs10846736
12,-0.0217883,met-d-Phosphoglyc,rs17696736
12,-0.0344455,met-d-Phosphoglyc,rs7979473
12,0.0298007,met-d-Phosphoglyc,rs10773112
12,0.0293994,met-d-Phosphoglyc,rs6606717
15,0.043723,met-d-Phosphoglyc,rs34663616
15,-0.150912,met-d-Phosphoglyc,rs261290
15,0.110719,met-d-Phosphoglyc,rs633695
16,0.0939907,met-d-Phosphoglyc,rs3764261
16,-0.028589,met-d-Phosphoglyc,rs77303550
16,-0.080062,met-d-Phosphoglyc,rs75911530
17,-0.0260593,met-d-Phosphoglyc,rs2071379
17,-0.0772437,met-d-Phosphoglyc,rs72836561
18,0.122553,met-d-Phosphoglyc,rs117687565
18,0.0883418,met-d-Phosphoglyc,rs9304381
18,0.324001,met-d-Phosphoglyc,rs77960347
19,-0.0512934,met-d-Phosphoglyc,rs142158911
19,-0.0790708,met-d-Phosphoglyc,rs1065853
19,-0.122,met-d-Phosphoglyc,rs737338
19,-0.094812,met-d-Phosphoglyc,rs58542926
19,0.0250346,met-d-Phosphoglyc,rs602662
19,-0.0442555,met-d-Phosphoglyc,rs72235114
20,-0.0917323,met-d-Phosphoglyc,rs1800961
20,0.0632094,met-d-Phosphoglyc,rs1883711
22,-0.0357451,met-d-Phosphoglyc,rs5754104
