chr,beta,id,snp
1,-0.042996,met-d-Ala,rs2808454
1,0.134338,met-d-Ala,rs79687284
2,-0.0451528,met-d-Ala,rs2160387
2,-0.0258207,met-d-Ala,rs6752053
2,-0.0282084,met-d-Ala,rs1047891
2,-0.0557358,met-d-Ala,rs1260326
3,-0.0289755,met-d-Ala,rs11715633
3,-0.0387669,met-d-Ala,rs7624902
4,-0.032872,met-d-Ala,rs4693210
5,-0.0957224,met-d-Ala,rs138373837
6,0.0372601,met-d-Ala,rs6931514
7,-0.194206,met-d-Ala,rs144262262
8,-0.0283112,met-d-Ala,rs2385127
8,-0.0307622,met-d-Ala,rs11558471
8,-0.0325828,met-d-Ala,rs13277542
8,0.094964,met-d-Ala,rs56335308
9,-0.0422426,met-d-Ala,rs12379111
9,0.0284589,met-d-Ala,rs4237150
11,-0.0527764,met-d-Ala,rs2168101
11,0.0298062,met-d-Ala,rs7925445
12,0.0502779,met-d-Ala,rs74093304
12,0.0835392,met-d-Ala,rs2933243
12,0.0279062,met-d-Ala,rs7978353
12,0.0584774,met-d-Ala,rs11183581
12,-0.0450209,met-d-Ala,rs4554975
12,-0.0254253,met-d-Ala,rs4766214
12,-0.0244108,met-d-Ala,rs5023078
14,0.0265869,met-d-Ala,rs58116791
14,0.02346,met-d-Ala,rs4903264
15,0.0243639,met-d-Ala,rs339969
16,-0.0258052,met-d-Ala,rs8056893
16,0.0541222,met-d-Ala,rs34495668
16,0.0582034,met-d-Ala,rs8061221
17,-0.0406873,met-d-Ala,rs7503139
21,0.0564557,met-d-Ala,rs73201506
22,0.0256499,met-d-Ala,rs807672
