chr,beta,id,snp
1,0.0911088,met-d-MUFA,rs1002687
1,0.0308587,met-d-MUFA,rs59484402
1,0.038351,met-d-MUFA,rs534417
1,0.0276023,met-d-MUFA,rs602633
2,-0.0716703,met-d-MUFA,rs4564803
2,0.0260799,met-d-MUFA,rs2943635
2,-0.0252595,met-d-MUFA,rs11895352
2,-0.0261034,met-d-MUFA,rs60960031
2,-0.110558,met-d-MUFA,rs1260326
2,-0.0352985,met-d-MUFA,rs1128249
3,0.0311431,met-d-MUFA,rs1394092
4,-0.0376591,met-d-MUFA,rs13108218
4,-0.0409444,met-d-MUFA,rs2035816
4,0.0254105,met-d-MUFA,rs11940694
4,0.0301172,met-d-MUFA,rs1471251
5,-0.0426882,met-d-MUFA,rs11429307
5,0.0233275,met-d-MUFA,rs12916
5,0.0442556,met-d-MUFA,rs4704834
6,0.0317328,met-d-MUFA,rs1052248
6,-0.148849,met-d-MUFA,rs10455872
6,0.0518262,met-d-MUFA,rs146203232
6,-0.0410048,met-d-MUFA,rs6938550
6,0.0435035,met-d-MUFA,rs9271573
6,-0.0316017,met-d-MUFA,rs632057
6,0.0221761,met-d-MUFA,rs998584
6,0.0300771,met-d-MUFA,rs28752924
6,-0.262622,met-d-MUFA,rs117733303
7,-0.113499,met-d-MUFA,rs3812316
7,0.0610173,met-d-MUFA,rs72555385
7,-0.0266301,met-d-MUFA,rs56001710
8,-0.0259117,met-d-MUFA,rs2081687
8,0.0327656,met-d-MUFA,rs615632
8,-0.0468503,met-d-MUFA,rs1561748
8,-0.142903,met-d-MUFA,rs328
8,-0.0892696,met-d-MUFA,rs28601761
9,-0.0284838,met-d-MUFA,rs2740488
10,-0.0304317,met-d-MUFA,rs10761716
10,-0.0215615,met-d-MUFA,rs1890896
10,-0.0253693,met-d-MUFA,rs2478236
11,0.0643792,met-d-MUFA,rs174564
11,0.242069,met-d-MUFA,rs141469619
11,-0.174574,met-d-MUFA,rs1047964
11,-0.204793,met-d-MUFA,rs964184
12,0.0341029,met-d-MUFA,rs67981690
12,-0.0884025,met-d-MUFA,rs76895963
12,0.025054,met-d-MUFA,rs6606725
12,-0.0239933,met-d-MUFA,rs7979473
13,0.0301226,met-d-MUFA,rs7140110
15,-0.0737819,met-d-MUFA,rs261290
15,0.121036,met-d-MUFA,rs139974673
15,0.0557906,met-d-MUFA,rs633695
16,0.0301721,met-d-MUFA,rs2000999
16,-0.0272666,met-d-MUFA,rs3198697
17,0.0667965,met-d-MUFA,rs77697917
17,0.0299626,met-d-MUFA,rs12601919
18,0.034088,met-d-MUFA,rs1540037
18,0.168772,met-d-MUFA,rs149615216
19,-0.163051,met-d-MUFA,rs116843064
19,0.0521253,met-d-MUFA,rs157592
19,0.0794026,met-d-MUFA,rs5112
19,-0.0284524,met-d-MUFA,rs739320
19,-0.117636,met-d-MUFA,rs58542926
19,-0.140865,met-d-MUFA,rs182611493
19,-0.0359468,met-d-MUFA,rs142385484
20,0.0367426,met-d-MUFA,rs7679
21,0.0230603,met-d-MUFA,rs62222988
