chr,beta,id,snp
1,0.107586,met-d-M_HDL_TG,rs79439217
1,0.0376753,met-d-M_HDL_TG,rs7528419
1,0.0307398,met-d-M_HDL_TG,rs1198433
2,-0.0303663,met-d-M_HDL_TG,rs870526
2,-0.0377668,met-d-M_HDL_TG,rs1128249
2,0.0303534,met-d-M_HDL_TG,rs1515098
2,0.0564712,met-d-M_HDL_TG,rs4665710
2,-0.0965059,met-d-M_HDL_TG,rs1260326
3,0.0319077,met-d-M_HDL_TG,rs684773
3,0.0380835,met-d-M_HDL_TG,rs56819515
4,0.0351011,met-d-M_HDL_TG,rs10020067
4,-0.0462204,met-d-M_HDL_TG,rs2035816
4,-0.0264442,met-d-M_HDL_TG,rs13108218
4,0.0268613,met-d-M_HDL_TG,rs293435
5,-0.0436209,met-d-M_HDL_TG,rs11429307
6,0.0404104,met-d-M_HDL_TG,rs28383314
6,0.0293638,met-d-M_HDL_TG,rs28752924
6,-0.0936554,met-d-M_HDL_TG,rs10455872
6,-0.153985,met-d-M_HDL_TG,rs117733303
6,0.0229008,met-d-M_HDL_TG,rs998584
6,0.0612673,met-d-M_HDL_TG,rs12212146
6,-0.0314678,met-d-M_HDL_TG,rs632057
6,-0.038257,met-d-M_HDL_TG,rs6938550
7,-0.106046,met-d-M_HDL_TG,rs3812316
7,-0.0412566,met-d-M_HDL_TG,rs4722551
8,-0.0845908,met-d-M_HDL_TG,rs28601761
8,0.0434433,met-d-M_HDL_TG,rs4646246
8,0.0352741,met-d-M_HDL_TG,rs3860847
8,-0.152676,met-d-M_HDL_TG,rs328
8,0.0257044,met-d-M_HDL_TG,rs6420185
8,-0.0489916,met-d-M_HDL_TG,rs1561748
8,-0.0354226,met-d-M_HDL_TG,rs1736070
9,-0.0377618,met-d-M_HDL_TG,rs2244278
10,-0.0480962,met-d-M_HDL_TG,rs75398587
10,-0.0328516,met-d-M_HDL_TG,rs79717793
10,0.0226306,met-d-M_HDL_TG,rs12263369
11,-0.206497,met-d-M_HDL_TG,rs964184
11,-0.186026,met-d-M_HDL_TG,rs1047964
11,0.232261,met-d-M_HDL_TG,rs141469619
11,0.0505621,met-d-M_HDL_TG,rs174580
11,-0.0411567,met-d-M_HDL_TG,rs72997616
12,-0.0324021,met-d-M_HDL_TG,rs7979473
12,-0.0936608,met-d-M_HDL_TG,rs76895963
12,0.0225918,met-d-M_HDL_TG,rs863750
12,0.0227923,met-d-M_HDL_TG,rs6606725
15,0.0296687,met-d-M_HDL_TG,rs2084152
15,-0.167238,met-d-M_HDL_TG,rs261290
15,-0.162124,met-d-M_HDL_TG,rs473224
15,0.139466,met-d-M_HDL_TG,rs150844304
15,-0.0761321,met-d-M_HDL_TG,rs10162642
16,-0.0747738,met-d-M_HDL_TG,rs821840
17,0.0715757,met-d-M_HDL_TG,rs72836561
17,-0.0277235,met-d-M_HDL_TG,rs704
18,0.0661385,met-d-M_HDL_TG,rs2156552
18,0.227209,met-d-M_HDL_TG,rs77960347
19,-0.0698151,met-d-M_HDL_TG,rs8107974
19,-0.100776,met-d-M_HDL_TG,rs147711004
19,-0.212889,met-d-M_HDL_TG,rs116843064
19,0.291288,met-d-M_HDL_TG,rs1065853
19,0.0711415,met-d-M_HDL_TG,rs28807203
20,0.0660921,met-d-M_HDL_TG,rs7679
