chr,beta,id,snp
1,-0.0305851,met-d-LA,rs34232196
1,-0.0291075,met-d-LA,rs199900492
1,0.0359986,met-d-LA,rs534417
1,-0.0266721,met-d-LA,rs2986164
1,0.0868452,met-d-LA,rs1002687
1,0.0531806,met-d-LA,rs602633
2,-0.0344611,met-d-LA,rs35633876
2,-0.0513405,met-d-LA,rs4665972
2,0.0614441,met-d-LA,rs693
2,-0.0387395,met-d-LA,rs4299376
2,0.0230636,met-d-LA,rs2389599
3,-0.0214701,met-d-LA,rs9848779
4,-0.0327027,met-d-LA,rs13108218
5,0.0316688,met-d-LA,rs7707394
5,0.0511244,met-d-LA,rs4704210
5,0.0441266,met-d-LA,rs6882345
6,0.0350233,met-d-LA,rs35599691
6,0.0433091,met-d-LA,rs13217434
6,0.0357926,met-d-LA,rs3011437
6,-0.227024,met-d-LA,rs186696265
6,0.0459621,met-d-LA,rs4947302
6,-0.0442699,met-d-LA,rs36018387
6,0.0265974,met-d-LA,rs7750288
7,-0.0449899,met-d-LA,rs55747707
8,0.0703705,met-d-LA,rs1461729
8,-0.0510959,met-d-LA,rs112875651
8,-0.0487086,met-d-LA,rs7816447
8,-0.0308556,met-d-LA,rs6471717
9,0.0428585,met-d-LA,rs115478735
9,0.0454099,met-d-LA,rs11789603
9,0.0309046,met-d-LA,rs4008004
9,-0.0482851,met-d-LA,rs2740488
10,-0.0313506,met-d-LA,rs148063610
11,-0.0262357,met-d-LA,rs10838724
11,0.0842755,met-d-LA,rs174564
11,0.053839,met-d-LA,rs200671503
11,-0.145606,met-d-LA,rs964184
11,0.123842,met-d-LA,rs141469619
12,0.0255029,met-d-LA,rs4766578
12,-0.0259545,met-d-LA,rs7139079
13,0.0238048,met-d-LA,rs6602911
15,-0.089118,met-d-LA,rs261290
15,0.0697,met-d-LA,rs633695
16,0.0506744,met-d-LA,rs247617
16,-0.0283511,met-d-LA,rs9302635
17,0.0263025,met-d-LA,rs12948283
17,-0.03364,met-d-LA,rs740516
18,0.248604,met-d-LA,rs77960347
18,0.0628471,met-d-LA,rs9304381
19,0.146817,met-d-LA,rs79429216
19,-0.0915875,met-d-LA,rs142158911
19,-0.0883014,met-d-LA,rs56322906
19,-0.109822,met-d-LA,rs58542926
19,-0.188865,met-d-LA,rs1065853
19,0.120669,met-d-LA,rs1081105
20,-0.0324917,met-d-LA,rs2378390
20,0.089775,met-d-LA,rs1883711
