chr,beta,id,snp
1,0.0907358,met-d-M_LDL_PL,rs11206517
1,-0.288209,met-d-M_LDL_PL,rs11591147
1,-0.0306366,met-d-M_LDL_PL,rs2495477
1,-0.0248226,met-d-M_LDL_PL,rs2144300
1,0.0308403,met-d-M_LDL_PL,rs553427
1,0.0318653,met-d-M_LDL_PL,rs7534572
1,-0.118988,met-d-M_LDL_PL,rs12740374
2,-0.0311252,met-d-M_LDL_PL,rs140798831
2,0.103848,met-d-M_LDL_PL,rs562338
2,-0.0532039,met-d-M_LDL_PL,rs780094
2,-0.043009,met-d-M_LDL_PL,rs4299376
4,-0.0308143,met-d-M_LDL_PL,rs13108218
5,0.0223383,met-d-M_LDL_PL,rs1895233
5,0.0361921,met-d-M_LDL_PL,rs6882345
5,-0.0719657,met-d-M_LDL_PL,rs1499279
5,0.0506209,met-d-M_LDL_PL,rs3846662
5,0.0327671,met-d-M_LDL_PL,rs7707394
6,0.0396418,met-d-M_LDL_PL,rs11755689
6,0.0343752,met-d-M_LDL_PL,rs11753995
6,-0.0577503,met-d-M_LDL_PL,rs79220007
6,-0.103412,met-d-M_LDL_PL,rs186696265
6,0.0614642,met-d-M_LDL_PL,rs12208357
7,-0.0318327,met-d-M_LDL_PL,rs55747707
8,0.0547093,met-d-M_LDL_PL,rs6601299
8,-0.0229936,met-d-M_LDL_PL,rs10504255
8,-0.0657471,met-d-M_LDL_PL,rs112875651
9,0.0588983,met-d-M_LDL_PL,rs115478735
11,-0.0731021,met-d-M_LDL_PL,rs964184
11,0.0553722,met-d-M_LDL_PL,rs4307732
11,-0.0244635,met-d-M_LDL_PL,rs102275
12,0.022526,met-d-M_LDL_PL,rs4766578
13,0.0257005,met-d-M_LDL_PL,rs35596121
14,0.0306312,met-d-M_LDL_PL,rs11621792
16,0.0429745,met-d-M_LDL_PL,rs34042070
16,-0.0425015,met-d-M_LDL_PL,rs173539
17,-0.0445179,met-d-M_LDL_PL,rs55714927
17,0.0329937,met-d-M_LDL_PL,rs56325564
17,0.105931,met-d-M_LDL_PL,rs77542162
17,-0.0372124,met-d-M_LDL_PL,rs72631343
19,0.174669,met-d-M_LDL_PL,rs1081105
19,0.0552639,met-d-M_LDL_PL,rs10410835
19,0.0315057,met-d-M_LDL_PL,rs2738447
19,-0.139962,met-d-M_LDL_PL,rs12151108
19,-0.110024,met-d-M_LDL_PL,rs58542926
19,-0.133771,met-d-M_LDL_PL,rs28807203
19,0.0590189,met-d-M_LDL_PL,rs8103315
19,-0.138681,met-d-M_LDL_PL,rs111278137
19,-0.505951,met-d-M_LDL_PL,rs1065853
20,-0.0278651,met-d-M_LDL_PL,rs2865505
20,0.0788061,met-d-M_LDL_PL,rs6073958
20,0.0282523,met-d-M_LDL_PL,rs6016505
