chr,beta,id,snp
1,-0.0264728,met-d-IDL_FC_pct,rs9436961
1,-0.0516751,met-d-IDL_FC_pct,rs7528419
1,0.0760773,met-d-IDL_FC_pct,rs10789114
2,0.0544757,met-d-IDL_FC_pct,rs1260326
2,0.026727,met-d-IDL_FC_pct,rs1367117
2,-0.0253691,met-d-IDL_FC_pct,rs11394662
2,-0.0328984,met-d-IDL_FC_pct,rs1399623
3,0.0376546,met-d-IDL_FC_pct,rs2518134
4,-0.0241707,met-d-IDL_FC_pct,rs10020067
5,-0.0314899,met-d-IDL_FC_pct,rs9687846
5,0.0291107,met-d-IDL_FC_pct,rs13354746
6,-0.0253225,met-d-IDL_FC_pct,rs2213287
6,-0.0268731,met-d-IDL_FC_pct,rs6905288
6,-0.0468705,met-d-IDL_FC_pct,rs12212146
6,-0.052298,met-d-IDL_FC_pct,rs116009877
6,0.0663991,met-d-IDL_FC_pct,rs10455872
7,0.0942332,met-d-IDL_FC_pct,rs3812316
7,0.0242807,met-d-IDL_FC_pct,rs56001710
8,-0.0553432,met-d-IDL_FC_pct,rs72647336
8,0.129621,met-d-IDL_FC_pct,rs328
8,0.0468655,met-d-IDL_FC_pct,rs1561748
8,0.0466957,met-d-IDL_FC_pct,rs2954038
8,-0.0259572,met-d-IDL_FC_pct,rs7010440
8,-0.0338405,met-d-IDL_FC_pct,rs10085931
9,0.0415526,met-d-IDL_FC_pct,rs2519093
9,-0.0280424,met-d-IDL_FC_pct,rs11999525
10,0.0259339,met-d-IDL_FC_pct,rs10761716
11,0.184705,met-d-IDL_FC_pct,rs964184
11,-0.224929,met-d-IDL_FC_pct,rs144018203
11,-0.0824059,met-d-IDL_FC_pct,rs187217942
11,-0.104448,met-d-IDL_FC_pct,rs174564
11,-0.0337718,met-d-IDL_FC_pct,rs10750766
11,-0.0241369,met-d-IDL_FC_pct,rs2155994
14,0.0277821,met-d-IDL_FC_pct,rs7342520
15,0.0783884,met-d-IDL_FC_pct,rs261342
15,-0.0318661,met-d-IDL_FC_pct,rs1037117
15,0.0475644,met-d-IDL_FC_pct,rs443401
15,-0.161708,met-d-IDL_FC_pct,rs190543502
16,0.0264535,met-d-IDL_FC_pct,rs4122352
17,0.0627358,met-d-IDL_FC_pct,rs1801689
17,0.0240247,met-d-IDL_FC_pct,rs704
17,-0.0798118,met-d-IDL_FC_pct,rs77697917
18,-0.0274233,met-d-IDL_FC_pct,rs55987145
19,0.0453742,met-d-IDL_FC_pct,rs58489806
19,0.15234,met-d-IDL_FC_pct,rs116843064
19,-0.180631,met-d-IDL_FC_pct,rs1065853
19,-0.0409651,met-d-IDL_FC_pct,rs17242395
19,-0.0323475,met-d-IDL_FC_pct,rs12976395
19,0.0290769,met-d-IDL_FC_pct,rs367070
20,-0.0480821,met-d-IDL_FC_pct,rs7679
