chr,beta,id,snp
1,0.0940644,met-d-L_LDL_CE,rs11206517
1,-0.114518,met-d-L_LDL_CE,rs12740374
1,0.0313373,met-d-L_LDL_CE,rs7534572
1,-0.298785,met-d-L_LDL_CE,rs11591147
1,0.0334801,met-d-L_LDL_CE,rs553427
1,-0.032481,met-d-L_LDL_CE,rs2495477
2,-0.046503,met-d-L_LDL_CE,rs4299376
2,-0.0395205,met-d-L_LDL_CE,rs11127048
2,-0.0280265,met-d-L_LDL_CE,rs140798831
2,0.109327,met-d-L_LDL_CE,rs562338
4,-0.0231325,met-d-L_LDL_CE,rs13108218
5,-0.0656459,met-d-L_LDL_CE,rs116734477
5,0.0358527,met-d-L_LDL_CE,rs6882345
5,0.0538603,met-d-L_LDL_CE,rs3846662
5,0.0373518,met-d-L_LDL_CE,rs7707394
5,-0.0242328,met-d-L_LDL_CE,rs1500188
6,-0.0587232,met-d-L_LDL_CE,rs115740542
6,-0.040177,met-d-L_LDL_CE,rs3777411
6,0.0482486,met-d-L_LDL_CE,rs140145058
6,0.0376356,met-d-L_LDL_CE,rs34825382
7,0.0276535,met-d-L_LDL_CE,rs10260606
8,-0.0234132,met-d-L_LDL_CE,rs10504255
8,0.0636115,met-d-L_LDL_CE,rs1461729
8,-0.0531784,met-d-L_LDL_CE,rs112875651
9,0.0590986,met-d-L_LDL_CE,rs115478735
9,-0.0356592,met-d-L_LDL_CE,rs2740488
9,0.0364579,met-d-L_LDL_CE,rs11789603
11,-0.0540119,met-d-L_LDL_CE,rs102275
11,-0.0382175,met-d-L_LDL_CE,rs525028
11,0.057041,met-d-L_LDL_CE,rs59379014
12,0.0268559,met-d-L_LDL_CE,rs4766578
12,0.0285132,met-d-L_LDL_CE,rs1805776
13,0.0270742,met-d-L_LDL_CE,rs35596121
14,0.0275317,met-d-L_LDL_CE,rs11621792
15,0.0359343,met-d-L_LDL_CE,rs633695
15,-0.0438061,met-d-L_LDL_CE,rs261290
16,0.0411927,met-d-L_LDL_CE,rs34042070
17,0.0319536,met-d-L_LDL_CE,rs56325564
17,-0.0378616,met-d-L_LDL_CE,rs72631343
17,0.118963,met-d-L_LDL_CE,rs77542162
17,-0.034536,met-d-L_LDL_CE,rs55714927
19,-0.502503,met-d-L_LDL_CE,rs1065853
19,-0.135022,met-d-L_LDL_CE,rs111278137
19,-0.143352,met-d-L_LDL_CE,rs12151108
19,-0.100049,met-d-L_LDL_CE,rs58542926
19,0.0580527,met-d-L_LDL_CE,rs8103315
19,-0.129403,met-d-L_LDL_CE,rs28807203
19,0.0549167,met-d-L_LDL_CE,rs10410835
19,0.0292695,met-d-L_LDL_CE,rs2738447
19,0.166065,met-d-L_LDL_CE,rs1081105
20,0.0901874,met-d-L_LDL_CE,rs1883711
20,-0.0242439,met-d-L_LDL_CE,rs2618566
20,-0.0654149,met-d-L_LDL_CE,rs1800961
