chr,beta,id,snp
1,-0.0501105,met-d-XL_HDL_C_pct,rs12740374
1,0.0358873,met-d-XL_HDL_C_pct,rs5082
1,-0.0219018,met-d-XL_HDL_C_pct,rs1546954
1,-0.0539354,met-d-XL_HDL_C_pct,rs1167998
1,-0.0225775,met-d-XL_HDL_C_pct,rs2209169
2,0.0236916,met-d-XL_HDL_C_pct,rs870526
2,-0.026458,met-d-XL_HDL_C_pct,rs58387006
3,-0.0264873,met-d-XL_HDL_C_pct,rs1291921
4,0.0312852,met-d-XL_HDL_C_pct,rs13121671
5,-0.0309712,met-d-XL_HDL_C_pct,rs17689595
5,-0.0619171,met-d-XL_HDL_C_pct,rs115018790
6,0.0270931,met-d-XL_HDL_C_pct,rs9266141
6,0.0527122,met-d-XL_HDL_C_pct,rs10455872
7,0.0313918,met-d-XL_HDL_C_pct,rs3735687
7,-0.0288453,met-d-XL_HDL_C_pct,rs4727701
7,-0.0317055,met-d-XL_HDL_C_pct,rs12534274
8,0.0407463,met-d-XL_HDL_C_pct,rs7819706
8,-0.0224208,met-d-XL_HDL_C_pct,rs11778934
8,-0.0340262,met-d-XL_HDL_C_pct,rs60987469
8,0.0305661,met-d-XL_HDL_C_pct,rs2980888
9,0.0387389,met-d-XL_HDL_C_pct,rs2519093
9,0.0321789,met-d-XL_HDL_C_pct,rs1800978
11,0.0589976,met-d-XL_HDL_C_pct,rs3741298
11,0.0385247,met-d-XL_HDL_C_pct,rs78689694
11,0.0246453,met-d-XL_HDL_C_pct,rs174535
11,-0.023181,met-d-XL_HDL_C_pct,rs374879822
12,-0.0242461,met-d-XL_HDL_C_pct,rs7313056
12,-0.0429375,met-d-XL_HDL_C_pct,rs35608584
12,0.0415613,met-d-XL_HDL_C_pct,rs7979473
12,-0.0307496,met-d-XL_HDL_C_pct,rs10773112
15,0.10395,met-d-XL_HDL_C_pct,rs148579489
15,0.10428,met-d-XL_HDL_C_pct,rs10162642
15,0.0890159,met-d-XL_HDL_C_pct,rs117911817
15,0.232579,met-d-XL_HDL_C_pct,rs261290
15,0.228354,met-d-XL_HDL_C_pct,rs473224
15,-0.0260243,met-d-XL_HDL_C_pct,rs1037117
16,-0.0821323,met-d-XL_HDL_C_pct,rs3764261
16,0.022622,met-d-XL_HDL_C_pct,rs6416742
17,0.0208434,met-d-XL_HDL_C_pct,rs704
17,-0.0377688,met-d-XL_HDL_C_pct,rs55714927
18,-0.0577327,met-d-XL_HDL_C_pct,rs12458441
18,-0.0524707,met-d-XL_HDL_C_pct,rs7241918
18,-0.19333,met-d-XL_HDL_C_pct,rs77960347
19,-0.0974346,met-d-XL_HDL_C_pct,rs144439590
19,-0.0236811,met-d-XL_HDL_C_pct,rs2285511
19,0.0786874,met-d-XL_HDL_C_pct,rs2278426
19,-0.305061,met-d-XL_HDL_C_pct,rs1065853
19,-0.0524972,met-d-XL_HDL_C_pct,rs12976395
20,0.165932,met-d-XL_HDL_C_pct,rs1057208
20,0.0270097,met-d-XL_HDL_C_pct,rs2200587
