chr,beta,id,snp
1,0.0250974,met-d-L_LDL_C,rs2642438
1,-0.11517,met-d-L_LDL_C,rs12740374
1,0.0216981,met-d-L_LDL_C,rs1293261
1,-0.307951,met-d-L_LDL_C,rs11591147
1,0.0356141,met-d-L_LDL_C,rs472495
1,0.0264729,met-d-L_LDL_C,rs7534572
1,0.0332663,met-d-L_LDL_C,rs553427
1,0.0772291,met-d-L_LDL_C,rs67276129
2,-0.0473706,met-d-L_LDL_C,rs4299376
2,-0.0257592,met-d-L_LDL_C,rs140798831
2,0.108297,met-d-L_LDL_C,rs562338
2,-0.0319713,met-d-L_LDL_C,rs11127048
5,0.038403,met-d-L_LDL_C,rs7707394
5,0.0334404,met-d-L_LDL_C,rs6882345
5,0.0245485,met-d-L_LDL_C,rs1895233
5,-0.065989,met-d-L_LDL_C,rs116734477
5,0.0547916,met-d-L_LDL_C,rs3846662
6,-0.0595376,met-d-L_LDL_C,rs79220007
6,-0.0387843,met-d-L_LDL_C,rs3777411
6,0.0481332,met-d-L_LDL_C,rs147841808
6,-0.0380155,met-d-L_LDL_C,rs36018387
7,-0.0272299,met-d-L_LDL_C,rs10953298
7,-0.0301904,met-d-L_LDL_C,rs10642257
7,0.0281612,met-d-L_LDL_C,rs10260606
8,0.063296,met-d-L_LDL_C,rs1461729
8,-0.0224127,met-d-L_LDL_C,rs10504255
8,-0.0481292,met-d-L_LDL_C,rs112875651
9,0.0606048,met-d-L_LDL_C,rs115478735
9,-0.0355532,met-d-L_LDL_C,rs2740488
11,-0.058503,met-d-L_LDL_C,rs102275
11,0.056806,met-d-L_LDL_C,rs59379014
11,-0.0322497,met-d-L_LDL_C,rs525028
12,0.0277411,met-d-L_LDL_C,rs4766578
12,0.0282909,met-d-L_LDL_C,rs1805776
13,-0.0249163,met-d-L_LDL_C,rs61946991
14,0.0264602,met-d-L_LDL_C,rs11621792
15,0.0340513,met-d-L_LDL_C,rs633695
15,-0.0414406,met-d-L_LDL_C,rs261290
16,0.0392413,met-d-L_LDL_C,rs34042070
17,-0.0337415,met-d-L_LDL_C,rs55714927
17,-0.0375594,met-d-L_LDL_C,rs72631343
17,0.123425,met-d-L_LDL_C,rs77542162
17,0.0323314,met-d-L_LDL_C,rs56325564
19,-0.146232,met-d-L_LDL_C,rs12151108
19,0.0605736,met-d-L_LDL_C,rs8103315
19,-0.133827,met-d-L_LDL_C,rs28807203
19,0.0564398,met-d-L_LDL_C,rs10410835
19,-0.094835,met-d-L_LDL_C,rs58542926
19,0.0296368,met-d-L_LDL_C,rs2738447
19,0.165175,met-d-L_LDL_C,rs1081105
19,-0.519747,met-d-L_LDL_C,rs1065853
19,-0.137156,met-d-L_LDL_C,rs111278137
20,-0.0667426,met-d-L_LDL_C,rs1800961
20,0.0881611,met-d-L_LDL_C,rs1883711
20,-0.0253013,met-d-L_LDL_C,rs2618566
