chr,beta,id,snp
2,-0.0304883,met-d-Tyr,rs715
3,-0.0322325,met-d-Tyr,rs114232169
3,-0.0378198,met-d-Tyr,rs5852840
4,-0.0265777,met-d-Tyr,rs1433210
4,-0.0405903,met-d-Tyr,rs1126671
5,0.0252921,met-d-Tyr,rs6868618
6,-0.0816516,met-d-Tyr,rs75661418
6,-0.121884,met-d-Tyr,rs35614968
6,0.0925493,met-d-Tyr,rs116862171
6,0.0227184,met-d-Tyr,rs9267947
6,-0.0781063,met-d-Tyr,rs146133919
6,0.0274758,met-d-Tyr,rs62415384
6,0.188204,met-d-Tyr,rs12206654
6,0.0836335,met-d-Tyr,rs56236906
7,-0.0263487,met-d-Tyr,rs7786102
7,-0.0371444,met-d-Tyr,rs740122
8,-0.0375201,met-d-Tyr,rs28601761
9,-0.0249477,met-d-Tyr,rs7019778
10,-0.0358482,met-d-Tyr,rs9414801
11,0.0339256,met-d-Tyr,rs174547
11,-0.031063,met-d-Tyr,rs2168101
12,0.033308,met-d-Tyr,rs36055409
12,-0.0617633,met-d-Tyr,rs7979473
12,-0.0420843,met-d-Tyr,rs2230681
12,-0.0596744,met-d-Tyr,rs4149056
12,0.0775161,met-d-Tyr,rs79020793
12,0.0673963,met-d-Tyr,rs2638315
14,0.0265613,met-d-Tyr,rs194749
14,-0.0326825,met-d-Tyr,rs6575900
16,-0.0403111,met-d-Tyr,rs4788811
16,-0.0249977,met-d-Tyr,rs71387521
16,0.399298,met-d-Tyr,rs150851429
16,0.0562308,met-d-Tyr,rs371763418
16,0.0248133,met-d-Tyr,rs76819459
19,-0.0345179,met-d-Tyr,rs814573
20,-0.0731429,met-d-Tyr,rs1800961
22,-0.0527705,met-d-Tyr,rs61676179
22,0.0294005,met-d-Tyr,rs3747207
