chr,beta,id,snp
1,-0.0328872,met-d-Omega_3_pct,rs638714
1,0.0263349,met-d-Omega_3_pct,rs6693447
2,-0.0269984,met-d-Omega_3_pct,rs2011946
2,-0.0376379,met-d-Omega_3_pct,rs1260326
4,0.0407766,met-d-Omega_3_pct,rs4860987
5,0.0285458,met-d-Omega_3_pct,rs272888
5,0.0268334,met-d-Omega_3_pct,rs7444298
6,-0.0312159,met-d-Omega_3_pct,rs2394976
6,-0.0338037,met-d-Omega_3_pct,rs662138
7,-0.0273379,met-d-Omega_3_pct,rs4000713
7,-0.0409148,met-d-Omega_3_pct,rs62466318
7,-0.0320063,met-d-Omega_3_pct,rs73109460
8,-0.0517841,met-d-Omega_3_pct,rs112875651
9,-0.0222949,met-d-Omega_3_pct,rs2236514
10,0.0384969,met-d-Omega_3_pct,rs7924036
10,0.0358845,met-d-Omega_3_pct,rs56233220
11,-0.0713676,met-d-Omega_3_pct,rs11236512
11,0.107875,met-d-Omega_3_pct,rs2232143
11,0.118026,met-d-Omega_3_pct,rs191623731
11,-0.0379163,met-d-Omega_3_pct,rs964184
11,-0.179283,met-d-Omega_3_pct,rs143355652
11,-0.391514,met-d-Omega_3_pct,rs174564
11,-0.11592,met-d-Omega_3_pct,rs11230829
11,-0.0631164,met-d-Omega_3_pct,rs75227397
11,-0.0616476,met-d-Omega_3_pct,rs12226389
11,-0.173399,met-d-Omega_3_pct,rs149402055
11,-0.186883,met-d-Omega_3_pct,rs145786300
13,-0.0442419,met-d-Omega_3_pct,rs9563335
15,0.0807217,met-d-Omega_3_pct,rs261291
15,0.0776424,met-d-Omega_3_pct,rs11632618
15,-0.0324585,met-d-Omega_3_pct,rs1560390
15,0.0839134,met-d-Omega_3_pct,rs139974673
16,-0.0268978,met-d-Omega_3_pct,rs35390787
16,-0.0970051,met-d-Omega_3_pct,rs72789541
17,-0.0421552,met-d-Omega_3_pct,rs16940904
17,-0.0265115,met-d-Omega_3_pct,rs8074191
18,0.0289177,met-d-Omega_3_pct,rs9947684
19,-0.131159,met-d-Omega_3_pct,rs58542926
19,0.0365241,met-d-Omega_3_pct,rs72654473
19,-0.172066,met-d-Omega_3_pct,rs182611493
19,0.031631,met-d-Omega_3_pct,rs190921611
