chr,beta,id,snp
1,-0.304518,met-d-LDL_C,rs11591147
1,-0.0238159,met-d-LDL_C,rs2986164
1,0.0947943,met-d-LDL_C,rs11206517
1,-0.0327837,met-d-LDL_C,rs2495477
1,0.0298095,met-d-LDL_C,rs7534572
1,-0.116925,met-d-LDL_C,rs12740374
1,0.0330882,met-d-LDL_C,rs553427
2,-0.0296372,met-d-LDL_C,rs140798831
2,-0.0401458,met-d-LDL_C,rs11127048
2,-0.0466802,met-d-LDL_C,rs4299376
2,0.105898,met-d-LDL_C,rs562338
4,-0.0243819,met-d-LDL_C,rs13108218
5,0.0244563,met-d-LDL_C,rs1895233
5,0.0354317,met-d-LDL_C,rs6882345
5,-0.0668096,met-d-LDL_C,rs1499279
5,0.0542877,met-d-LDL_C,rs3846662
5,0.0369978,met-d-LDL_C,rs7707394
6,-0.0596068,met-d-LDL_C,rs79220007
6,-0.0415755,met-d-LDL_C,rs3777411
6,0.0362236,met-d-LDL_C,rs11755689
7,-0.0271028,met-d-LDL_C,rs10953298
7,0.0287645,met-d-LDL_C,rs10260606
8,-0.0234137,met-d-LDL_C,rs10504255
8,0.061436,met-d-LDL_C,rs1461729
8,-0.0548675,met-d-LDL_C,rs112875651
9,-0.0334661,met-d-LDL_C,rs2740488
9,0.0606983,met-d-LDL_C,rs115478735
11,-0.0505986,met-d-LDL_C,rs102275
11,-0.0360517,met-d-LDL_C,rs525028
11,0.062395,met-d-LDL_C,rs59379014
12,0.0265618,met-d-LDL_C,rs4766578
12,0.0286031,met-d-LDL_C,rs1805776
13,0.0261313,met-d-LDL_C,rs35596121
14,0.0274282,met-d-LDL_C,rs11621792
15,-0.0246095,met-d-LDL_C,rs261290
16,0.0419299,met-d-LDL_C,rs34042070
17,0.119004,met-d-LDL_C,rs77542162
17,0.0330097,met-d-LDL_C,rs56325564
17,-0.0385417,met-d-LDL_C,rs72631343
17,-0.0361639,met-d-LDL_C,rs55714927
19,-0.145852,met-d-LDL_C,rs12151108
19,-0.132446,met-d-LDL_C,rs28807203
19,0.167209,met-d-LDL_C,rs1081105
19,-0.10208,met-d-LDL_C,rs58542926
19,0.0588682,met-d-LDL_C,rs8103315
19,0.0301143,met-d-LDL_C,rs2738447
19,0.0551957,met-d-LDL_C,rs10410835
19,-0.136349,met-d-LDL_C,rs111278137
19,-0.509237,met-d-LDL_C,rs1065853
20,0.0939839,met-d-LDL_C,rs1883711
20,-0.0295013,met-d-LDL_C,rs4810479
20,-0.0235553,met-d-LDL_C,rs2618566
