chr,beta,id,snp
1,-0.311618,met-d-IDL_CE,rs11591147
1,0.0301293,met-d-IDL_CE,rs7534572
1,0.0380131,met-d-IDL_CE,rs2642438
1,0.0259987,met-d-IDL_CE,rs553427
1,0.0217916,met-d-IDL_CE,rs1293261
1,-0.0910467,met-d-IDL_CE,rs12740374
1,0.0919493,met-d-IDL_CE,rs11206517
1,-0.0313693,met-d-IDL_CE,rs2495477
2,-0.0461884,met-d-IDL_CE,rs4299376
2,-0.0242474,met-d-IDL_CE,rs907866
2,-0.0268595,met-d-IDL_CE,rs2943650
2,0.0989336,met-d-IDL_CE,rs562338
4,0.0228633,met-d-IDL_CE,rs2123886
5,0.0545402,met-d-IDL_CE,rs3846662
5,0.0401105,met-d-IDL_CE,rs7707394
5,0.0235647,met-d-IDL_CE,rs6882345
5,0.0238404,met-d-IDL_CE,rs1895233
5,-0.0568221,met-d-IDL_CE,rs1499279
6,-0.041343,met-d-IDL_CE,rs3777399
6,0.0262789,met-d-IDL_CE,rs7773004
6,0.0421249,met-d-IDL_CE,rs147841808
6,0.0457125,met-d-IDL_CE,rs10455872
6,0.0360644,met-d-IDL_CE,rs151060048
7,-0.0322019,met-d-IDL_CE,rs10642257
7,-0.0317357,met-d-IDL_CE,rs1057558
7,0.0479402,met-d-IDL_CE,rs12056034
8,0.078146,met-d-IDL_CE,rs117199990
8,0.0586543,met-d-IDL_CE,rs1461729
8,0.0248736,met-d-IDL_CE,rs17149760
8,-0.0367978,met-d-IDL_CE,rs112875651
8,0.0362286,met-d-IDL_CE,rs1561748
9,0.0586753,met-d-IDL_CE,rs115478735
9,-0.0263161,met-d-IDL_CE,rs2740488
10,0.0347541,met-d-IDL_CE,rs10822145
10,-0.0406065,met-d-IDL_CE,rs2792735
11,-0.0375426,met-d-IDL_CE,rs673335
11,-0.07353,met-d-IDL_CE,rs102274
11,0.0405903,met-d-IDL_CE,rs4307732
11,-0.0328385,met-d-IDL_CE,rs200526320
12,0.0310882,met-d-IDL_CE,rs653178
12,0.0306925,met-d-IDL_CE,rs1169294
13,-0.0239134,met-d-IDL_CE,rs61946991
15,0.0488609,met-d-IDL_CE,rs633695
15,-0.0447693,met-d-IDL_CE,rs117519814
15,-0.064629,met-d-IDL_CE,rs261290
16,0.0290562,met-d-IDL_CE,rs56015824
16,-0.0291767,met-d-IDL_CE,rs77303550
17,-0.0345508,met-d-IDL_CE,rs72631343
17,0.144681,met-d-IDL_CE,rs77542162
17,0.0289079,met-d-IDL_CE,rs56325564
17,-0.0972907,met-d-IDL_CE,rs72836561
17,0.0721693,met-d-IDL_CE,rs1801689
18,0.0408277,met-d-IDL_CE,rs7241918
18,0.171894,met-d-IDL_CE,rs77960347
19,-0.134986,met-d-IDL_CE,rs28807203
19,-0.0850547,met-d-IDL_CE,rs58542926
19,0.0610071,met-d-IDL_CE,rs8103315
19,-0.137699,met-d-IDL_CE,rs73013176
19,-0.0772851,met-d-IDL_CE,rs17875609
19,-0.546072,met-d-IDL_CE,rs1065853
19,-0.145012,met-d-IDL_CE,rs12151108
19,-0.0757409,met-d-IDL_CE,rs79915079
19,0.0536648,met-d-IDL_CE,rs2927468
19,0.143751,met-d-IDL_CE,rs1081105
19,-0.130709,met-d-IDL_CE,rs111278137
20,0.0811987,met-d-IDL_CE,rs1883711
20,-0.0253804,met-d-IDL_CE,rs2618566
