chr,beta,id,snp
1,0.0357188,met-d-GlycA,rs6424109
1,0.0334154,met-d-GlycA,rs4459081
1,-0.0284599,met-d-GlycA,rs56188865
1,0.0729872,met-d-GlycA,rs182050989
1,0.0382614,met-d-GlycA,rs1168032
1,-0.0256887,met-d-GlycA,rs12073837
1,-0.0293237,met-d-GlycA,rs12032372
2,0.0250079,met-d-GlycA,rs6734238
2,-0.02167,met-d-GlycA,rs6717858
2,-0.0286684,met-d-GlycA,rs676210
2,-0.100553,met-d-GlycA,rs1260326
3,0.0997894,met-d-GlycA,rs79287178
3,0.0375489,met-d-GlycA,rs2070634
3,0.0255883,met-d-GlycA,rs62259939
4,-0.0381276,met-d-GlycA,rs13108218
4,0.030167,met-d-GlycA,rs7697204
5,-0.032097,met-d-GlycA,rs6452937
5,-0.0281697,met-d-GlycA,rs11429307
5,-0.0412338,met-d-GlycA,rs72801474
6,0.0462145,met-d-GlycA,rs146203232
6,-0.128078,met-d-GlycA,rs117733303
6,-0.0788301,met-d-GlycA,rs10455872
6,0.0479695,met-d-GlycA,rs9270074
6,0.0299671,met-d-GlycA,rs9259888
6,0.0498934,met-d-GlycA,rs1548306
7,-0.0858193,met-d-GlycA,rs62466318
7,-0.0228832,met-d-GlycA,rs56001710
7,0.0953749,met-d-GlycA,rs42125
8,-0.0380211,met-d-GlycA,rs1561748
8,-0.025517,met-d-GlycA,rs59296513
8,-0.0309188,met-d-GlycA,rs55780214
8,0.0682657,met-d-GlycA,rs6601299
8,-0.0853579,met-d-GlycA,rs325
8,-0.0710675,met-d-GlycA,rs112875651
9,0.127262,met-d-GlycA,rs113354603
9,0.0286154,met-d-GlycA,rs687621
10,-0.0275631,met-d-GlycA,rs7924036
10,0.0229216,met-d-GlycA,rs2497337
11,0.0342328,met-d-GlycA,rs78689694
11,-0.105392,met-d-GlycA,rs964184
11,0.119865,met-d-GlycA,rs144018203
14,0.030375,met-d-GlycA,rs17105232
14,-0.0516363,met-d-GlycA,rs17580
14,-0.279404,met-d-GlycA,rs28929474
14,-0.0267903,met-d-GlycA,rs71435622
15,0.0718659,met-d-GlycA,rs150844304
16,0.138829,met-d-GlycA,rs117155836
16,-0.121789,met-d-GlycA,rs2278028
16,0.163808,met-d-GlycA,rs77303550
16,0.103137,met-d-GlycA,rs151083835
16,-0.139783,met-d-GlycA,rs143578173
16,-0.0585584,met-d-GlycA,rs117306126
17,-0.0729375,met-d-GlycA,rs1801689
19,-0.0559424,met-d-GlycA,rs58542926
19,0.0450654,met-d-GlycA,rs2445818
19,-0.12282,met-d-GlycA,rs149807892
19,-0.0415363,met-d-GlycA,rs62128087
19,0.0832382,met-d-GlycA,rs59774409
19,-0.0987776,met-d-GlycA,rs116843064
20,0.0229753,met-d-GlycA,rs4297946
22,-0.0326628,met-d-GlycA,rs2294915
