chr,beta,id,snp
1,0.0313462,met-d-XL_VLDL_FC,rs4970836
1,-0.0431222,met-d-XL_VLDL_FC,rs10864726
1,0.106494,met-d-XL_VLDL_FC,rs114165349
1,0.0772706,met-d-XL_VLDL_FC,rs79439217
2,-0.0369648,met-d-XL_VLDL_FC,rs13423088
2,-0.10895,met-d-XL_VLDL_FC,rs676210
2,-0.0849421,met-d-XL_VLDL_FC,rs1260326
2,-0.0285137,met-d-XL_VLDL_FC,rs60960031
2,-0.0495786,met-d-XL_VLDL_FC,rs13389219
3,0.0380095,met-d-XL_VLDL_FC,rs684773
3,-0.0352595,met-d-XL_VLDL_FC,rs9968117
4,-0.0332829,met-d-XL_VLDL_FC,rs13108218
4,-0.0269851,met-d-XL_VLDL_FC,rs4491981
4,0.0226833,met-d-XL_VLDL_FC,rs4698315
4,0.0335508,met-d-XL_VLDL_FC,rs1471251
5,0.041496,met-d-XL_VLDL_FC,rs4704834
5,-0.0543167,met-d-XL_VLDL_FC,rs11429307
5,0.0273946,met-d-XL_VLDL_FC,rs12916
6,-0.179718,met-d-XL_VLDL_FC,rs10455872
6,0.0432725,met-d-XL_VLDL_FC,rs13191810
6,0.0344403,met-d-XL_VLDL_FC,rs73732214
6,-0.0354556,met-d-XL_VLDL_FC,rs632057
6,-0.0990146,met-d-XL_VLDL_FC,rs73596816
6,0.0327797,met-d-XL_VLDL_FC,rs2186037
6,0.0302761,met-d-XL_VLDL_FC,rs998584
6,0.0628405,met-d-XL_VLDL_FC,rs111909590
6,-0.305912,met-d-XL_VLDL_FC,rs117733303
7,-0.0250048,met-d-XL_VLDL_FC,rs56001710
7,-0.0886587,met-d-XL_VLDL_FC,rs55747707
7,0.0898736,met-d-XL_VLDL_FC,rs42125
7,0.0325559,met-d-XL_VLDL_FC,rs11976955
8,-0.0626333,met-d-XL_VLDL_FC,rs1561748
8,-0.189273,met-d-XL_VLDL_FC,rs328
8,0.0327974,met-d-XL_VLDL_FC,rs3860847
8,0.0301627,met-d-XL_VLDL_FC,rs13265201
8,-0.0849154,met-d-XL_VLDL_FC,rs28601761
8,-0.0263025,met-d-XL_VLDL_FC,rs2081687
10,-0.0277678,met-d-XL_VLDL_FC,rs2478236
10,-0.0314965,met-d-XL_VLDL_FC,rs7916868
10,0.0226801,met-d-XL_VLDL_FC,rs201289443
11,-0.248174,met-d-XL_VLDL_FC,rs1047964
11,0.268442,met-d-XL_VLDL_FC,rs144018203
11,0.0436085,met-d-XL_VLDL_FC,rs174580
11,-0.208386,met-d-XL_VLDL_FC,rs964184
12,-0.0318713,met-d-XL_VLDL_FC,rs4760254
12,-0.0317927,met-d-XL_VLDL_FC,rs7133378
13,0.0240963,met-d-XL_VLDL_FC,rs2275647
13,0.0296624,met-d-XL_VLDL_FC,rs7140110
15,0.127183,met-d-XL_VLDL_FC,rs150844304
16,-0.0762516,met-d-XL_VLDL_FC,rs247616
16,0.0383357,met-d-XL_VLDL_FC,rs2000999
17,0.115306,met-d-XL_VLDL_FC,rs72836561
17,-0.0838431,met-d-XL_VLDL_FC,rs1801689
17,0.0556146,met-d-XL_VLDL_FC,rs8078513
19,-0.226811,met-d-XL_VLDL_FC,rs116843064
19,0.0531008,met-d-XL_VLDL_FC,rs157592
19,-0.0464443,met-d-XL_VLDL_FC,rs73015034
19,-0.0546003,met-d-XL_VLDL_FC,rs57192995
19,-0.117444,met-d-XL_VLDL_FC,rs58542926
19,0.0859569,met-d-XL_VLDL_FC,rs5112
20,0.0901464,met-d-XL_VLDL_FC,rs1883711
20,-0.0284657,met-d-XL_VLDL_FC,rs4810479
