chr,beta,id,snp
1,-0.0244373,met-d-LA_pct,rs6683445
1,0.0241603,met-d-LA_pct,rs2843126
2,-0.0271073,met-d-LA_pct,rs4299376
2,0.0808567,met-d-LA_pct,rs1260326
2,-0.0633876,met-d-LA_pct,rs78058190
2,0.0284659,met-d-LA_pct,rs13389219
2,-0.027978,met-d-LA_pct,rs2972143
3,-0.0225771,met-d-LA_pct,rs9862795
5,-0.0305443,met-d-LA_pct,rs13179413
5,0.0323462,met-d-LA_pct,rs4703667
5,-0.0259831,met-d-LA_pct,rs40270
6,0.02675,met-d-LA_pct,rs199607859
6,-0.0459176,met-d-LA_pct,rs115740542
6,-0.0274017,met-d-LA_pct,rs2180725
6,0.0351914,met-d-LA_pct,rs10806735
7,0.0316497,met-d-LA_pct,rs56001710
7,0.0673624,met-d-LA_pct,rs13229619
8,-0.110186,met-d-LA_pct,rs1441759
8,0.0658681,met-d-LA_pct,rs28601761
8,0.0655074,met-d-LA_pct,rs7819706
9,0.0324571,met-d-LA_pct,rs115478735
9,0.0259114,met-d-LA_pct,rs10733306
11,-0.031908,met-d-LA_pct,rs11030088
11,0.186163,met-d-LA_pct,rs174567
11,0.0427469,met-d-LA_pct,rs964184
11,0.0254095,met-d-LA_pct,rs3018731
11,0.0504601,met-d-LA_pct,rs12223234
11,0.0947839,met-d-LA_pct,rs141144647
12,0.0561819,met-d-LA_pct,rs73412716
15,-0.110201,met-d-LA_pct,rs147233090
16,0.0280174,met-d-LA_pct,rs4985126
16,0.0298582,met-d-LA_pct,rs708272
17,0.0248624,met-d-LA_pct,rs2946516
17,-0.0260216,met-d-LA_pct,rs9908820
19,0.113477,met-d-LA_pct,rs116843064
19,0.0390419,met-d-LA_pct,rs58489806
19,-0.185065,met-d-LA_pct,rs1065853
19,0.0243423,met-d-LA_pct,rs2927468
20,0.0403438,met-d-LA_pct,rs4810479
21,0.0235048,met-d-LA_pct,rs2835028
22,0.0341973,met-d-LA_pct,rs738408
