chr,beta,id,snp
1,-0.120222,met-d-LDL_PL,rs12740374
1,-0.0329861,met-d-LDL_PL,rs2495477
1,-0.315588,met-d-LDL_PL,rs11591147
1,0.0959555,met-d-LDL_PL,rs11206517
1,0.0315777,met-d-LDL_PL,rs553427
1,0.0262007,met-d-LDL_PL,rs7534572
2,-0.0286666,met-d-LDL_PL,rs140798831
2,-0.0382878,met-d-LDL_PL,rs11127048
2,0.109105,met-d-LDL_PL,rs562338
2,-0.0462546,met-d-LDL_PL,rs4299376
4,-0.0233447,met-d-LDL_PL,rs13108218
5,0.0546873,met-d-LDL_PL,rs3846662
5,0.0347358,met-d-LDL_PL,rs6882345
5,0.0241411,met-d-LDL_PL,rs1895233
5,0.0372153,met-d-LDL_PL,rs7707394
5,-0.0721071,met-d-LDL_PL,rs1499279
6,-0.0602846,met-d-LDL_PL,rs115740542
6,0.0362609,met-d-LDL_PL,rs11755689
6,-0.0232707,met-d-LDL_PL,rs6920309
6,-0.0379514,met-d-LDL_PL,rs3798167
7,-0.0268356,met-d-LDL_PL,rs10953298
7,0.0286046,met-d-LDL_PL,rs10260606
8,-0.0567202,met-d-LDL_PL,rs112875651
8,-0.0222088,met-d-LDL_PL,rs10504255
8,0.0565093,met-d-LDL_PL,rs6601299
9,0.0625891,met-d-LDL_PL,rs115478735
9,-0.0270532,met-d-LDL_PL,rs2740488
11,-0.0295696,met-d-LDL_PL,rs525028
11,-0.0470435,met-d-LDL_PL,rs102275
11,0.0676925,met-d-LDL_PL,rs59379014
12,0.0265392,met-d-LDL_PL,rs4766578
12,0.0279827,met-d-LDL_PL,rs1805776
13,0.0267766,met-d-LDL_PL,rs35596121
14,0.0283963,met-d-LDL_PL,rs11621792
16,0.0407123,met-d-LDL_PL,rs34042070
16,-0.0305363,met-d-LDL_PL,rs173539
17,-0.038729,met-d-LDL_PL,rs72631343
17,0.12541,met-d-LDL_PL,rs77542162
17,0.0339285,met-d-LDL_PL,rs56325564
17,-0.0388471,met-d-LDL_PL,rs55714927
19,-0.150318,met-d-LDL_PL,rs12151108
19,0.0577809,met-d-LDL_PL,rs10410835
19,-0.543894,met-d-LDL_PL,rs1065853
19,0.0624225,met-d-LDL_PL,rs8103315
19,-0.142073,met-d-LDL_PL,rs111278137
19,-0.141704,met-d-LDL_PL,rs28807203
19,0.172121,met-d-LDL_PL,rs1081105
19,-0.101648,met-d-LDL_PL,rs58542926
19,0.0321588,met-d-LDL_PL,rs2738447
20,-0.0262648,met-d-LDL_PL,rs6102034
20,-0.0242806,met-d-LDL_PL,rs2618566
20,0.0452183,met-d-LDL_PL,rs6073958
20,0.0267394,met-d-LDL_PL,rs6016505
