chr,beta,id,snp
1,0.0312117,met-d-M_LDL_C,rs553427
1,-0.0297876,met-d-M_LDL_C,rs2495477
1,-0.27823,met-d-M_LDL_C,rs11591147
1,0.0354653,met-d-M_LDL_C,rs7534572
1,0.0891333,met-d-M_LDL_C,rs11206517
1,-0.112628,met-d-M_LDL_C,rs12740374
2,0.0772956,met-d-M_LDL_C,rs693
2,-0.0543775,met-d-M_LDL_C,rs4665972
2,-0.0425025,met-d-M_LDL_C,rs4299376
4,-0.0307277,met-d-M_LDL_C,rs13108218
5,0.0319026,met-d-M_LDL_C,rs7707394
5,0.050155,met-d-M_LDL_C,rs12916
5,-0.0664477,met-d-M_LDL_C,rs1499279
5,0.0233613,met-d-M_LDL_C,rs1895233
5,0.0369113,met-d-M_LDL_C,rs4704834
6,-0.0564411,met-d-M_LDL_C,rs79220007
6,-0.0231204,met-d-M_LDL_C,rs6920309
6,-0.0441895,met-d-M_LDL_C,rs3777411
6,0.0406913,met-d-M_LDL_C,rs11755689
7,0.0283782,met-d-M_LDL_C,rs10260606
7,-0.0326815,met-d-M_LDL_C,rs55747707
8,0.0573696,met-d-M_LDL_C,rs6601299
8,-0.0240171,met-d-M_LDL_C,rs10504255
8,-0.0652265,met-d-M_LDL_C,rs112875651
8,0.0247216,met-d-M_LDL_C,rs13276044
9,0.059423,met-d-M_LDL_C,rs115478735
9,-0.0288109,met-d-M_LDL_C,rs2740488
11,-0.0351274,met-d-M_LDL_C,rs102275
11,0.0526857,met-d-M_LDL_C,rs4307732
11,-0.0727067,met-d-M_LDL_C,rs964184
12,0.0246879,met-d-M_LDL_C,rs10842724
12,0.0229225,met-d-M_LDL_C,rs4766578
14,0.0283762,met-d-M_LDL_C,rs11621792
16,0.0447781,met-d-M_LDL_C,rs34042070
16,-0.0394511,met-d-M_LDL_C,rs173539
17,-0.0396756,met-d-M_LDL_C,rs55714927
17,0.102594,met-d-M_LDL_C,rs77542162
17,0.0324649,met-d-M_LDL_C,rs56325564
17,-0.0383724,met-d-M_LDL_C,rs72631343
19,-0.128104,met-d-M_LDL_C,rs111278137
19,-0.110055,met-d-M_LDL_C,rs58542926
19,-0.456973,met-d-M_LDL_C,rs1065853
19,-0.135695,met-d-M_LDL_C,rs12151108
19,0.0519332,met-d-M_LDL_C,rs8103315
19,-0.121446,met-d-M_LDL_C,rs28807203
19,0.158152,met-d-M_LDL_C,rs1081105
19,0.0490962,met-d-M_LDL_C,rs10410835
19,0.0286503,met-d-M_LDL_C,rs2738447
20,0.0265351,met-d-M_LDL_C,rs6016505
20,-0.0267986,met-d-M_LDL_C,rs2865505
20,0.0640929,met-d-M_LDL_C,rs6073958
