chr,beta,id,snp
1,-0.107267,met-d-S_VLDL_FC,rs12740374
1,0.0883953,met-d-S_VLDL_FC,rs11206517
1,0.0299955,met-d-S_VLDL_FC,rs553427
1,0.0237173,met-d-S_VLDL_FC,rs1293261
1,-0.295031,met-d-S_VLDL_FC,rs11591147
1,-0.0300646,met-d-S_VLDL_FC,rs2495477
1,0.0523202,met-d-S_VLDL_FC,rs7534572
2,-0.0477406,met-d-S_VLDL_FC,rs4665972
2,-0.0435069,met-d-S_VLDL_FC,rs4299376
2,-0.0561574,met-d-S_VLDL_FC,rs6729843
2,0.0987039,met-d-S_VLDL_FC,rs693
3,-0.0315629,met-d-S_VLDL_FC,rs71630059
4,0.022886,met-d-S_VLDL_FC,rs1471251
4,-0.0271048,met-d-S_VLDL_FC,rs13108218
5,0.048326,met-d-S_VLDL_FC,rs4704834
5,0.0332859,met-d-S_VLDL_FC,rs7707394
5,0.0545712,met-d-S_VLDL_FC,rs12916
5,0.0239823,met-d-S_VLDL_FC,rs7704651
5,0.0280915,met-d-S_VLDL_FC,rs28650790
6,0.0474299,met-d-S_VLDL_FC,rs11755689
6,-0.0243001,met-d-S_VLDL_FC,rs6920309
6,0.0696613,met-d-S_VLDL_FC,rs12208357
6,-0.130788,met-d-S_VLDL_FC,rs9295128
6,0.0504107,met-d-S_VLDL_FC,rs28377109
7,0.0238767,met-d-S_VLDL_FC,rs1989985
7,0.0341096,met-d-S_VLDL_FC,rs10260606
7,-0.0353733,met-d-S_VLDL_FC,rs55747707
8,-0.070804,met-d-S_VLDL_FC,rs10096633
8,-0.0725976,met-d-S_VLDL_FC,rs112875651
8,0.0938821,met-d-S_VLDL_FC,rs144503444
8,-0.0300336,met-d-S_VLDL_FC,rs2737245
8,-0.0263155,met-d-S_VLDL_FC,rs2326077
9,0.060214,met-d-S_VLDL_FC,rs115478735
10,-0.0226784,met-d-S_VLDL_FC,rs2478237
11,-0.10421,met-d-S_VLDL_FC,rs964184
11,0.0574871,met-d-S_VLDL_FC,rs12804228
11,-0.0292598,met-d-S_VLDL_FC,rs102275
12,0.0247416,met-d-S_VLDL_FC,rs10842724
12,-0.024823,met-d-S_VLDL_FC,rs11057397
13,0.0288699,met-d-S_VLDL_FC,rs6602909
14,0.0243776,met-d-S_VLDL_FC,rs72694391
15,-0.0596339,met-d-S_VLDL_FC,rs261290
15,0.0421449,met-d-S_VLDL_FC,rs633695
16,-0.0279733,met-d-S_VLDL_FC,rs7202323
16,0.0465941,met-d-S_VLDL_FC,rs34042070
16,-0.0790924,met-d-S_VLDL_FC,rs247616
17,0.136294,met-d-S_VLDL_FC,rs77542162
17,-0.044493,met-d-S_VLDL_FC,rs72631343
17,0.0314892,met-d-S_VLDL_FC,rs56325564
19,-0.112711,met-d-S_VLDL_FC,rs58542926
19,-0.148028,met-d-S_VLDL_FC,rs12151108
19,0.035156,met-d-S_VLDL_FC,rs2738447
19,0.121224,met-d-S_VLDL_FC,rs118170342
19,-0.0856588,met-d-S_VLDL_FC,rs62115478
19,-0.335172,met-d-S_VLDL_FC,rs1065853
19,-0.106827,met-d-S_VLDL_FC,rs74747585
19,0.082582,met-d-S_VLDL_FC,rs147711004
20,0.113311,met-d-S_VLDL_FC,rs1883711
20,0.070037,met-d-S_VLDL_FC,rs73078112
22,0.0253755,met-d-S_VLDL_FC,rs9616847
