chr,beta,id,snp
1,0.0522247,met-d-SFA_pct,rs140584594
1,0.0466797,met-d-SFA_pct,rs2642438
2,-0.0552203,met-d-SFA_pct,rs1260326
2,-0.0269038,met-d-SFA_pct,rs6754311
3,-0.0233136,met-d-SFA_pct,rs4918
4,0.144605,met-d-SFA_pct,rs1229984
6,-0.0324454,met-d-SFA_pct,rs9468165
6,0.0311198,met-d-SFA_pct,rs3130290
6,-0.105895,met-d-SFA_pct,rs117733303
6,-0.073665,met-d-SFA_pct,rs55730499
8,-0.0504125,met-d-SFA_pct,rs2980888
9,-0.0261126,met-d-SFA_pct,rs295289
10,-0.0371033,met-d-SFA_pct,rs2792703
10,-0.0318506,met-d-SFA_pct,rs12412743
10,0.0501419,met-d-SFA_pct,rs603424
10,-0.0400791,met-d-SFA_pct,rs2495730
11,-0.0433787,met-d-SFA_pct,rs102275
11,0.0420186,met-d-SFA_pct,rs964184
12,-0.0451362,met-d-SFA_pct,rs73412716
15,-0.0490972,met-d-SFA_pct,rs261290
15,-0.0427616,met-d-SFA_pct,rs473224
17,0.0532416,met-d-SFA_pct,rs111351217
19,0.0638722,met-d-SFA_pct,rs1065853
19,-0.0313383,met-d-SFA_pct,rs35650232
19,-0.0256361,met-d-SFA_pct,rs73045691
20,-0.0269425,met-d-SFA_pct,rs4810479
22,-0.0700953,met-d-SFA_pct,rs5746641
22,-0.045877,met-d-SFA_pct,rs738408
22,-0.0424218,met-d-SFA_pct,rs2904552
