chr,beta,id,snp
1,-0.0808226,met-d-PUFA_pct,rs79598313
1,-0.0327456,met-d-PUFA_pct,rs59484402
1,-0.0363376,met-d-PUFA_pct,rs1168041
1,-0.0250622,met-d-PUFA_pct,rs1180384
2,-0.0273828,met-d-PUFA_pct,rs182549
2,-0.0340622,met-d-PUFA_pct,rs2972140
2,0.0903157,met-d-PUFA_pct,rs1260326
2,0.0352632,met-d-PUFA_pct,rs13389219
2,-0.0629274,met-d-PUFA_pct,rs78058190
2,0.0422737,met-d-PUFA_pct,rs673548
3,-0.0279116,met-d-PUFA_pct,rs655720
4,0.0391439,met-d-PUFA_pct,rs2035816
4,-0.027326,met-d-PUFA_pct,rs10020067
5,0.0396092,met-d-PUFA_pct,rs11429307
6,-0.0576272,met-d-PUFA_pct,rs12212146
6,-0.0224811,met-d-PUFA_pct,rs6905288
6,0.0279453,met-d-PUFA_pct,rs672457
6,0.132206,met-d-PUFA_pct,rs10455872
6,-0.038864,met-d-PUFA_pct,rs150543195
6,0.205551,met-d-PUFA_pct,rs117733303
7,0.0288853,met-d-PUFA_pct,rs56001710
7,-0.0313922,met-d-PUFA_pct,rs2070971
7,0.078299,met-d-PUFA_pct,rs3812316
8,0.13502,met-d-PUFA_pct,rs328
8,0.0466082,met-d-PUFA_pct,rs1561748
8,0.0623656,met-d-PUFA_pct,rs28601761
8,-0.0253746,met-d-PUFA_pct,rs752446
8,-0.0242624,met-d-PUFA_pct,rs4871624
9,0.0251393,met-d-PUFA_pct,rs199816133
10,-0.0288524,met-d-PUFA_pct,rs9419746
10,0.0363005,met-d-PUFA_pct,rs7924036
11,0.154541,met-d-PUFA_pct,rs1047964
11,-0.122144,met-d-PUFA_pct,rs174564
11,-0.0936313,met-d-PUFA_pct,rs149402055
11,-0.170667,met-d-PUFA_pct,rs144018203
11,-0.0308673,met-d-PUFA_pct,rs12419462
11,0.0244348,met-d-PUFA_pct,rs2513048
11,0.114361,met-d-PUFA_pct,rs964184
12,-0.0283091,met-d-PUFA_pct,rs6606731
15,-0.0230126,met-d-PUFA_pct,rs7402939
15,0.028552,met-d-PUFA_pct,rs261290
15,-0.10137,met-d-PUFA_pct,rs139974673
16,0.0528691,met-d-PUFA_pct,rs11644601
16,0.0267024,met-d-PUFA_pct,rs56156922
17,0.062443,met-d-PUFA_pct,rs1801689
17,-0.0280537,met-d-PUFA_pct,rs9908820
17,-0.0871445,met-d-PUFA_pct,rs72836561
19,0.16126,met-d-PUFA_pct,rs116843064
19,0.0279503,met-d-PUFA_pct,rs669789
19,-0.124175,met-d-PUFA_pct,rs1065853
20,-0.0533342,met-d-PUFA_pct,rs6073958
