chr,beta,id,snp
1,-0.0233538,met-d-Citrate,rs1616691
1,-0.054764,met-d-Citrate,rs2808454
2,-0.040933,met-d-Citrate,rs1047891
2,0.0429763,met-d-Citrate,rs3771962
2,-0.0335931,met-d-Citrate,rs76832527
4,-0.0277934,met-d-Citrate,rs71659323
5,0.0963038,met-d-Citrate,rs10073421
5,-0.164518,met-d-Citrate,rs17250977
5,-0.0623785,met-d-Citrate,rs7710854
5,0.101097,met-d-Citrate,rs116485114
5,0.0256714,met-d-Citrate,rs6556314
5,0.0232917,met-d-Citrate,rs4866744
6,0.0314649,met-d-Citrate,rs6901143
6,-0.0444162,met-d-Citrate,rs75474551
7,0.0625098,met-d-Citrate,rs13246993
8,0.0465497,met-d-Citrate,rs28601761
9,0.0623327,met-d-Citrate,rs7025554
9,0.0277014,met-d-Citrate,rs529565
10,-0.0330529,met-d-Citrate,rs7895549
10,0.0256306,met-d-Citrate,rs2182409
10,0.0247386,met-d-Citrate,rs4418728
11,-0.0287777,met-d-Citrate,rs2896635
11,-0.0336738,met-d-Citrate,rs174581
12,0.046535,met-d-Citrate,rs2464190
12,-0.0363918,met-d-Citrate,rs2199766
14,0.0314599,met-d-Citrate,rs1190585
14,0.0253814,met-d-Citrate,rs7161374
15,-0.130158,met-d-Citrate,rs147233090
16,-0.0274235,met-d-Citrate,rs72792415
17,0.110672,met-d-Citrate,rs218689
17,-0.0637873,met-d-Citrate,rs12452170
17,0.0489489,met-d-Citrate,rs142273542
17,-0.141008,met-d-Citrate,rs371719800
17,0.0413647,met-d-Citrate,rs57529317
18,-0.0251786,met-d-Citrate,rs56376587
20,-0.0267947,met-d-Citrate,rs7262150
22,-0.0923824,met-d-Citrate,rs1018764
22,-0.0399106,met-d-Citrate,rs715544
