chr,beta,id,snp
1,-0.0325954,met-d-ApoB,rs2495477
1,0.0249194,met-d-ApoB,rs1293261
1,0.0423139,met-d-ApoB,rs7534572
1,-0.115805,met-d-ApoB,rs12740374
1,-0.324428,met-d-ApoB,rs11591147
1,0.0941849,met-d-ApoB,rs11206517
1,0.0309865,met-d-ApoB,rs553427
2,-0.0377519,met-d-ApoB,rs4665972
2,0.0881127,met-d-ApoB,rs693
2,-0.0479627,met-d-ApoB,rs4299376
3,0.0283053,met-d-ApoB,rs7610507
5,0.0592854,met-d-ApoB,rs12916
5,0.045538,met-d-ApoB,rs4704834
5,0.0381423,met-d-ApoB,rs7707394
5,-0.0587026,met-d-ApoB,rs1499279
5,-0.0228087,met-d-ApoB,rs1500188
6,0.0314433,met-d-ApoB,rs4935356
6,-0.0487347,met-d-ApoB,rs3777411
6,-0.0246427,met-d-ApoB,rs6920309
6,-0.0489562,met-d-ApoB,rs115740542
6,0.0515684,met-d-ApoB,rs72848251
7,0.0326945,met-d-ApoB,rs10260606
7,0.0219338,met-d-ApoB,rs2107449
8,0.0392362,met-d-ApoB,rs6601299
8,-0.0666955,met-d-ApoB,rs112875651
8,-0.0399066,met-d-ApoB,rs10096633
8,-0.0265725,met-d-ApoB,rs10504255
8,-0.0274756,met-d-ApoB,rs2737245
9,0.0564133,met-d-ApoB,rs115478735
11,-0.0393977,met-d-ApoB,rs102275
11,0.0563956,met-d-ApoB,rs12804228
11,0.0406972,met-d-ApoB,rs11601507
11,-0.0761792,met-d-ApoB,rs964184
12,0.0240429,met-d-ApoB,rs653178
12,0.0243935,met-d-ApoB,rs10842724
13,0.0266122,met-d-ApoB,rs6602909
13,0.0269396,met-d-ApoB,rs35596121
14,0.0245627,met-d-ApoB,rs72694391
15,-0.0536178,met-d-ApoB,rs261290
15,0.040241,met-d-ApoB,rs633695
16,-0.0563411,met-d-ApoB,rs247616
16,0.0450484,met-d-ApoB,rs34042070
17,0.033061,met-d-ApoB,rs56325564
17,0.144375,met-d-ApoB,rs77542162
17,-0.0284884,met-d-ApoB,rs55714927
17,-0.0437881,met-d-ApoB,rs72631343
19,-0.450878,met-d-ApoB,rs1065853
19,-0.113569,met-d-ApoB,rs111278137
19,0.0500465,met-d-ApoB,rs10410835
19,0.167529,met-d-ApoB,rs1081105
19,0.0489447,met-d-ApoB,rs8103315
19,-0.158559,met-d-ApoB,rs12151108
19,-0.11874,met-d-ApoB,rs28807203
19,-0.114404,met-d-ApoB,rs58542926
19,0.0360741,met-d-ApoB,rs2569550
20,-0.0239549,met-d-ApoB,rs2618566
20,0.10699,met-d-ApoB,rs1883711
22,0.0244091,met-d-ApoB,rs9616847
