chr,beta,id,snp
1,-0.0243243,met-d-S_HDL_CE,rs11417022
1,-0.0335278,met-d-S_HDL_CE,rs3768321
1,-0.0292432,met-d-S_HDL_CE,rs10889335
1,0.0472124,met-d-S_HDL_CE,rs71581089
1,0.0558287,met-d-S_HDL_CE,rs4656292
1,0.0367163,met-d-S_HDL_CE,rs36209093
1,0.043848,met-d-S_HDL_CE,rs267738
2,0.0312836,met-d-S_HDL_CE,rs673548
2,-0.0751909,met-d-S_HDL_CE,rs1260326
3,0.0252011,met-d-S_HDL_CE,rs35938493
3,-0.0334409,met-d-S_HDL_CE,rs645040
3,0.0285051,met-d-S_HDL_CE,rs62276455
4,-0.0353502,met-d-S_HDL_CE,rs13108218
5,-0.0229076,met-d-S_HDL_CE,rs2338223
6,0.0477577,met-d-S_HDL_CE,rs377181093
6,0.0366208,met-d-S_HDL_CE,rs9270000
7,-0.0478164,met-d-S_HDL_CE,rs35332062
8,0.0570323,met-d-S_HDL_CE,rs2119690
8,0.109878,met-d-S_HDL_CE,rs4841132
8,0.0260637,met-d-S_HDL_CE,rs2645422
8,-0.0253865,met-d-S_HDL_CE,rs112875651
9,0.0535051,met-d-S_HDL_CE,rs2519093
11,-0.0611038,met-d-S_HDL_CE,rs72997616
11,-0.0569063,met-d-S_HDL_CE,rs613808
11,0.0317595,met-d-S_HDL_CE,rs4597056
12,0.0262744,met-d-S_HDL_CE,rs34937700
12,-0.0446173,met-d-S_HDL_CE,rs12320328
14,0.0254756,met-d-S_HDL_CE,rs11621792
15,0.100436,met-d-S_HDL_CE,rs2043085
15,-0.140079,met-d-S_HDL_CE,rs2070895
15,0.0332635,met-d-S_HDL_CE,rs77732800
15,-0.0707009,met-d-S_HDL_CE,rs6078
16,-0.0545799,met-d-S_HDL_CE,rs11076176
17,-0.0501505,met-d-S_HDL_CE,rs55714927
17,-0.0303911,met-d-S_HDL_CE,rs71378928
17,-0.0827066,met-d-S_HDL_CE,rs72836561
17,0.0251891,met-d-S_HDL_CE,rs11657987
18,0.157991,met-d-S_HDL_CE,rs77960347
18,0.0507597,met-d-S_HDL_CE,rs4939883
19,-0.11165,met-d-S_HDL_CE,rs150057262
19,-0.0688394,met-d-S_HDL_CE,rs58542926
19,0.11012,met-d-S_HDL_CE,rs116843064
19,-0.0674487,met-d-S_HDL_CE,rs1065853
19,0.026251,met-d-S_HDL_CE,rs1645782
20,0.0618778,met-d-S_HDL_CE,rs76070947
20,0.0273423,met-d-S_HDL_CE,rs6065935
20,0.0936279,met-d-S_HDL_CE,rs146276488
20,0.193677,met-d-S_HDL_CE,rs58952297
22,-0.0322025,met-d-S_HDL_CE,rs2298428
22,-0.0312002,met-d-S_HDL_CE,rs3747207
