chr,beta,id,snp
1,0.0686588,met-d-Glucose,rs79687284
2,0.10343,met-d-Glucose,rs560887
2,-0.0240709,met-d-Glucose,rs10195252
2,0.10326,met-d-Glucose,rs143869345
3,-0.0427134,met-d-Glucose,rs11720108
3,-0.0485888,met-d-Glucose,rs6804915
3,-0.0377505,met-d-Glucose,rs6787208
4,-0.0353045,met-d-Glucose,rs55881843
5,-0.0273992,met-d-Glucose,rs13169290
6,-0.0332828,met-d-Glucose,rs3778321
7,0.0394185,met-d-Glucose,rs76323047
7,0.0692715,met-d-Glucose,rs730497
7,0.0364413,met-d-Glucose,rs6972516
8,-0.0312523,met-d-Glucose,rs13266634
9,0.0266186,met-d-Glucose,rs550057
9,-0.0348405,met-d-Glucose,rs1333051
10,-0.0298065,met-d-Glucose,rs11251686
10,-0.0414157,met-d-Glucose,rs12244654
10,-0.0443617,met-d-Glucose,rs2388594
10,0.0375808,met-d-Glucose,rs34872471
12,-0.0911321,met-d-Glucose,rs76895963
12,0.0273676,met-d-Glucose,rs1169288
12,0.0258942,met-d-Glucose,rs7137828
13,0.0289352,met-d-Glucose,rs4325403
17,-0.0297184,met-d-Glucose,rs62065453
20,-0.0609795,met-d-Glucose,rs111405491
